{

  "Bull Big":"Taureau Gros",
  
  "Bull Odd":"Taureau étrange",
  "Bull 1":"Taureau 1",
  "Bull 2":"Taureau 2",
  "Bull 3":"Taureau 3",
  "Bull 4":"Taureau 4",
  
  "Bull 5":"Taureau 5",
  "Bull 6":"Taureau 6",
  "Bull 7":"Taureau 7",
  "Bull 8":"Taureau 8",
  "Bull 9":"Taureau 9",
  "Bull Bull":"Taureau Taureau",
  "No Bull":"Pas de taureau",

  "Max Value":"Valeur maximale",
  "Min Value":"Valeur minimale",

  "Ball 1":"Balle 1",
  "Ball 2":"Balle 2",

  "Ball 3":"Balle 3",
  "Ball 4":"Balle 4",
  "Ball 5":"Balle 5",

    "ball 1":"balle 1",
    "ball 2":"balle 2",

  "ball 3":"balle 3",
  "ball 4":"balle 4",
  "ball 5":"balle 5",
  "Tiger":"Tigre",
  "Dragon":"Dragonne",
  "Bull Game":"Jeu de taureau",
  "Dragon Tiger":"Dragon Tigre",
  "Bull Small":"Taureau Petit",
  "Bull Even":"Taureau même",


  "Range plate": "Plaque de plage",
  "Odd Even plate": "Plaque paire impaire",
  "Odd Numbers": "Nombres impairs",
  "Guess Middle Value": "Deviner la valeur médiane",
  "Even Numbers": "Nombres pairs",
  "First Range": "Première plag",
  "Last Range": "Dernière plage",
  "Tie/Draw": "Égalité"
  "":""


}