

{

    
"High Range": "Hochbereich",
    "First 5": "Erste 5",
    "Last 5": "Letzte 5",
    "Max Value (First 5)": "Maximalwert (Erste 5)",
    "Min Value (Last 5)": "Minimalwert (Letzte 5)",
    "Guess The Number 1": "Errate die Zahl 1",
    "Guess First Winner": "Errate den ersten Gewinner",
    "01": "01",
    "02": "02",
    "03": "03",
    "04": "04",
    "05": "05",
    "06": "06",
    "07": "07",
    "08": "08",
    "09": "09",
    "10": "10",
    "BALL 1": "BALL 1",
    "BALL 2": "BALL 2",
    "BALL 3": "BALL 3",
    "BALL 4": "BALL 4",
    "BALL 5": "BALL 5",
    "BALL 6": "BALL 6",
    "BALL 7": "BALL 7",
    "BALL 8": "BALL 8",
    "BALL 9": "BALL 9",
    "BALL 10": "BALL 10",
    "First 5 (First 5 > Last 5)": "Erste 5 (Erste 5 > Letzte 5)",
    "LAST 5 (Last 5 contains 01)": "Letzte 5 (Letzte 5 enthält 01)",
    "(First 5 > Last 5)": "(Erste 5 > Letzte 5)",
    "(Last 5 > First 5)": "(Letzte 5 > Erste 5)",
    "FIRST 5": "ERSTE 5",
    "LAST 5": "LETZTE 5",
    "(First 5 contains 01)": "(Erste 5 enthält 01)",
    "(Last 5 contains 01)": "(Letzte 5 enthält 01)",
    "":"",
    "":"",
    "":""
  }