

{


  "Big": "Grand",
  "Tie": "Égalité",
  "Small": "Petit",
  "Upper Range": "Plage Supérieure",
  "Tie Range": "Plage d'Égalité",
  "Lower Range": "Plage Inférieure",
  "Odd Range": "Plage Impaire",
  "Tie Plate": "Plaque d'Égalité",
  "Even Range": "Plage Paire",
  "Sum Odd": "Somme Impaire",
  "Sum Even": "Somme Paire",
  "Big Odd": "Grand Impair",
  "Small Odd": "Petit Impair",
  "Big Even": "Grand Pair",
  "Small Even": "Petit Pair",
  "Gold": "Or",
  "Wood": "Bois",
  "Water": "Eau",
  "Fire": "Feu",
  "Earth": "Terre",
  "":""
   
  

    
  }