{

  "Bull Big":"大",
  
  "Bull Odd":"单",
  "Bull 1":"牛1",
  "Bull 2":"牛2",
  "Bull 3":"牛3",
  "Bull 4":"牛4",
  
  "Bull 5":"牛5",
  "Bull 6":"牛6",
  "Bull 7":"牛7",
  "Bull 8":"牛8",
  "Bull 9":"牛9",
  "Bull Bull":"牛牛",
  "No Bull":"杂牌",

  "Max Value":"最大值",
  "Min Value":"最小值",

  "Ball 1":"第一位",
  "Ball 2":"第二位",

  "Ball 3":"第三位",
  "Ball 4":"第四位",
  "Ball 5":"第五位",

    "ball 1":"第一位",
    "ball 2":"第二位",

  "ball 3":"第三位",
  "ball 4":"第四位",
  "ball 5":"第五位",
  "Tiger":"虎",
  "Dragon":"狮",
  "Bull Game":"牛牛游戏",
  "Dragon Tiger":"狮虎游戏",
  "Bull Small":"小",
  "Bull Even":"双",
"Range plate": "Reichweitenplatte",
  "Odd Even plate": "Ungerade Gerade Platte",
  "Odd Numbers": "Ungerade Zahlen",
  "Guess Middle Value": "Mittleren Wert erraten",
  "Even Numbers": "Gerade Zahlen",
  "First Range": "Erster Bereich",
  "Last Range": "Letzter Bereich",
  "Tie/Draw": "Unentschieden",
  "":""


}