{
    

  "The first bank card takes 0 hours to withdraw money.": "Die erste Bankkarte benötigt 0 Stunden, um Geld abzuheben.",
  "Lottery": "Lotterie",
  "Dragon": "Drache",
  "5D Game": "5D-Spiel",
  "All": "Alle",
  "Royal 5": "Royal 5",
  "1kball 5D 1m": "1kBall 5D 1 Min.",
  "Lucky Pick5": "Glücklicher Pick5",
  "1kball 1min": "1kBall 1 Min.",
  "Speedy 5D 1min": "Schnelles 5D 1 Min.",
  "Speedy 5D 3mins": "Schnelles 5D 3 Min.",
  "Lucky 5D 1.5mins": "Glückliches 5D 1.5 Min.",
  "5D Board Games 1min": "5D Brettspiele 1 Min.",


  "Chappo 5D": "Chappo 5D",
  "Chairman": "Vorsitzender",
  "Queenpk5": "Königin PK5",
  "Royal 10": "Königlich 10",
  "Speedy PK10 1.5min": "Schnell PK10 1,5 Minuten",
  "Lucky PK10 3m": "Glückliches PK10 3 Minuten",
  "Pk10 Board Game 1min": "PK10 Brettspiel 1 Minute",
  "Pk10 Fantan1min": "PK10 Fantan 1 Minute",
  "Chappo PK10": "Chappo PK10",
  "Fast 3 1min": "Schnell 3 1 Minute",
  "Speedy Fast 3 1.5mins": "Schnell Schnell 3 1,5 Minuten",
  "Lucky Fast 3 3mins": "Glückliches Schnell 3 3 Minuten",
  "Fast 3 BoardGame 1min": "Schnell 3 Brettspiel 1 Minute",
  "Fast3 Fantan1min": "Schnell 3 Fantan 1 Minute",
  "Fast 3 chappo 20sec": "Chappo Schnell 3 20 Sekunden",
  "RandyFAST3": "Randy Schnell 3",
  "Max Fast 3": "Max Schnell 3",
  "MikeFast3": "Mike Schnell 3",
  "PIFast3": "PI Schnell 3",
  "RoodevFast3": "Roodev Schnell 3",
"3D": "3D",
  "Lucky 3D": "Glückliches 3D",
  "Hanoi 3D": "Hanoi 3D",
  "Max 3D": "Max 3D",
  "Rapid 11x5 (1min)": "Schnell 11x5 (1 Minute)",
  "Lucky 11x5 (5min)": "Glückliches 11x5 (5 Minuten)",
  "11x5 Board Game (1min)": "11x5 Brettspiel (1 Minute)",
  "11x5 Quick 1min": "11x5 Schnellversion (1 Minute)",
  "11x5 Board Game (20secs)": "11x5 Brettspiel (20 Sekunden)",
  "Tencent 11x5": "Tencent 11x5",
  "Rapid Mark 6": "Schnell Mark 6",
  "Mark 6 5mins": "Mark 6 (5 Minuten)",
  "Mark 6 Board Game 1min": "Mark 6 Brettspiel (1 Minute)",
  "Mark6 Fantan1min": "Mark6 Fantan (1 Minute)",
  "Mark6 Fantan20sec": "Mark6 Fantan (20 Sekunden)",
  "Mark 6 Board Game 20secs": "Mark 6 Brettspiel (20 Sekunden)",
  "Rapid Happy 8": "Schnell Glücklich 8",
  "Happy8 Board Game 1min": "Glücklich 8 Brettspiel (1 Minute)",
  "Happy8 Fantan1min": "Glücklich 8 Fantan (1 Minute)",
  "Happy8 Board Game 20secs": "Glücklich 8 Brettspiel (20 Sekunden)",

"Happy8 Fantan20secs": "Happy8 Fantan 20 Sekunden",
  "User Email": "Benutzer-E-Mail",
  "User Mobile": "Benutzer-Handy",
  "Amount Paid": "Bezahlter Betrag",
  "No data available": "Keine Daten verfügbar",
  "Amount Recieved": "Erhaltener Betrag",
  "Date Created": "Erstellungsdatum",
  "Time Created": "Erstellungszeit",
  "Payment Reference": "Zahlungsreferenz",
  "Momo Provider": "Momo-Anbieter",
  "Momo Charges": "Momo-Gebühren",
  "Momo Currency": "Momo-Währung",
  "Momo Status": "Momo-Status",
  "Active": "Aktiv",
  "Inactive": "Inaktiv",
  "Lottery Game": "Lotteriespiel",
  "Poker": "Poker",
  "Blackjack": "Blackjack",
  "Roulette": "Roulette",
  "Transaction Time": "Transaktionszeit",
  "Transaction ID": "Transaktions-ID",
  "Transaction Type": "Transaktionstyp",

  "Balance Before": "Guthaben vor der Transaktion",
  "Change Amount": "Betrag ändern",
  "Account Balance": "Kontostand",
  "Remarks": "Bemerkungen",
  "Select State": "Status auswählen",
  "all": "Alle",
  "Deposit": "Einzahlung",
  "Win bonus": "Gewinnbonus",
  "Bet awarded": "Wette belohnt",
  "withdrawal": "Abhebung",
  "Bet deduct": "Wette abgezogen",
  "Bet Cancelled": "Wette storniert",
  "Rebate": "Rabatt",
  "Self Rebate": "Eigener Rabatt",
  "Send Red Envelop": "Rotes Kuvert senden",
  "Received Red Envelop": "Rotes Kuvert erhalten",
  "Bet Refunded": "Wette erstattet",
  "notification": "Benachrichtigung",
  "USDT - TRC Content Goes Here": "USDT - TRC Inhalt kommt hier",
  "USDT - TRC": "USDT - TRC",
  "Buy Treasure Wallet Content Goes Here": "Schatz-Wallet kaufen Inhalt kommt hier",
  "Wechat": "WeChat",
  "Wechat Content Goes Here": "WeChat Inhalt kommt hier",

"5D Game": "5D-Spiel",
  "Chess and Cards": "Schach und Karten",
  "Fishing": "Angeln",
  "Bank1": "Bank1",
  "Bank2": "Bank2",
  "Bank3": "Bank3",
  "Standard": "Standard",
  "Two Sides": "Zwei Seiten",
  "Trend": "Trend",
  "Long Dragon": "Langer Drache",
  "Board Games": "Brettspiele",
  "Roadbet": "Straßenwette",
  "Many Tables": "Viele Tische",
  "Fantan": "Fantan",
  "Full Chart": "Vollständige Tabelle",
  "Valid Amount": "Gültiger Betrag",
  "Deposit Channel": "Einzahlungskanal",
  "Charges": "Gebühren",
  "Amount Received": "Erhaltener Betrag",
  "Deposit Status": "Einzahlungsstatus",
  "success": "Erfolg",
  "pending": "Ausstehend",
  "Transaction Number": "Transaktionsnummer",
  "Serial Number": "Seriennummer",
  "Account Type": "Kontotyp",
  "Bonus Group": "Bonusgruppe",
  "Registration Link": "Registrierungslink",
  "Count": "Anzahl",
  "Message": "Nachricht",
  "Operate": "Bedienen",
  "refresh": "Aktualisieren",
  "Sports Betting": "Sportwetten",

  "Recharge": "Aufladen",
  "Withdrawal": "Abhebung",
  "Activity": "Aktivität",
   "":"",
   "":"",
   "":"",
   "":"",


   /standard ngames list 
   "All5": "Fünf Sterne",
   "All4": "Vier Sterne",
   "All3": "Drei Sterne",
   "First 3": "Erste Drei",
   "Mid 3": "Mittlere Drei",
   "Last 3": "Letzte Drei",
   "First 2": "Erste Zwei",
   "Last 2": "Letzte Zwei",
   "Fixed Place": "Fester Platz",
   "Any Place": "Beliebiger Platz",
   "B/S/O/E": "Groß/Klein/Ungerade/Gerade",
   "Fun": "Spaß",
   "Pick 2": "Wähle Zwei",
   "Pick 3": "Wähle Drei",
   "Dragon/Tiger/Tie": "Drache/Tiger/Unentschieden",
   "Stud": "Stud",
   "Three cards": "Drei Karten",
   "Bull Bull": "Bull Bull",
   "Pick 4": "Wähle Vier",
   "1st": "Zehntausenderstelle",
   "2nd": "Tausenderstelle",
   "3rd": "Hunderterstelle",
   "4th": "Zehnerstelle",
   "5th": "Einerstelle",
   "All 5 Straight (joint)": "Fünf Sterne Direktwahl (gemeinsam)",
   "All 5 Straight (Manual)": "Fünf Sterne Direktwahl (manuell)",
   "All 5 Straight (Combo)": "Fünf Sterne Direktwahl (Kombination)",
   "All 5 Group 120": "Fünf Sterne Gruppe 120",
   "All 5 Group 60": "Fünf Sterne Gruppe 60",
   "All 5 Group 30": "Fünf Sterne Gruppe 30",
   "All 5 Group 20": "Fünf Sterne Gruppe 20",
   "All 5 Group 10": "Fünf Sterne Gruppe 10",
   "All 5 Group 5": "Fünf Sterne Gruppe 5",

 "All": "Alle",
  "First 3.": "Erste 3",
  "Middle 3.": "Mittlere 3",
  "Last 3.": "Letzte 3",
  "TOAK": "Drilling",
  "Streak": "Straße",
  "Pair": "Paar",
  "Mixed 6": "Gemischte 6",
  "Half Streak": "Halbe Straße",
  "Bull Big": "Großer Bulle",
  "Bull Small": "Kleiner Bulle",
  "Bull Odd": "Ungerader Bulle",
  "Bull Even": "Gerader Bulle",
  "No Bull": "Kein Bulle",
  "Bull 1": "Bulle 1",
  "Bull 2": "Bulle 2",
  "Bull 3": "Bulle 3",
  "Bull 4": "Bulle 4",
  "Bull 5": "Bulle 5",
  "Bull 6": "Bulle 6",
  "Bull 7": "Bulle 7",
  "Bull 8": "Bulle 8",
  "Bull 9": "Bulle 9",
  "Four of a Kind 4": "Vierling",
  "Gourd 5": "Full House",
  "Streak 6": "Straße",
  "Three of a Kind 7": "Drilling",
  "2 Pairs 8": "Zwei Paare",
  "1 Pair 9": "Ein Paar",
  "High Card 10": "Hohe Karte",
  "1st V 2nd": "Erster gegen Zweiter",
  "1st V 3rd": "Erster gegen Dritter",
  "1st V 4th": "Erster gegen Vierter",
  "1st V 5th": "Erster gegen Fünfter",
  "2nd V 3rd": "Zweiter gegen Dritter",
"2nd V 4th": "Zweite Vierte",
  "2nd V 5th": "Zweite Fünfte",
  "3rd V 4th": "Dritte Vierte",
  "3rd V 5th": "Dritte Fünfte",
  "4th V 5th": "Vierte Fünfte",
  "Dragon": "Drache",
  "Tiger": "Tiger",
  "Tie": "Unentschieden",
  "Clear": "Löschen",
  "Big": "Groß",
  "Small": "Klein",
  "Even": "Gerade",
  "Odd": "Ungerade",
  "Hot/Cold": "Heiß/Kalt",
  "Lack": "Fehlend",
  "Prize": "Preis",
  "Straight": "Gerade",
  "Group": "Gruppe",
  "Add to Cart": "In den Warenkorb",
  "Type": "Typ",
  "Betting Content": "Wetttinhalt",
  "Number of Bets": "Anzahl der Wetten",
  "Units": "Einheiten",
  "Multiple": "Mehrfach",
  "Bet Amount": "Wetteinsatz (EUR)",
  "Control": "Leeren",
  "For Sale": "Zum Verkauf",
"No": "Nummer",
  "Upload File": "Datei hochladen",
  "First 4 Straight(Joint)": "Erste 4 Gerade (Kombiniert)",
  "First 4 Straight(Manual)": "Erste 4 Gerade (Manuell)",
  "First 4 Straight(Combo)": "Erste 4 Gerade (Kombination)",
  "Last 4 Straight(Joint)": "Letzte 4 Gerade (Kombiniert)",
  "Last 4 Straight(Manual)": "Letzte 4 Gerade (Manuell)",
  "Last 4 Straight(Combo)": "Letzte 4 Gerade (Kombination)",
  "First 4 Group 24": "Erste 4 Gruppe 24",
  "First 4 Group 12": "Erste 4 Gruppe 12",
  "First 4 Group 6": "Erste 4 Gruppe 6",
  "First 4 Group 4": "Erste 4 Gruppe 4",
  "Last 4 Group 24": "Letzte 4 Gruppe 24",
  "Last 4 Group 12": "Letzte 4 Gruppe 12",
  "Last 4 Group 6": "Letzte 4 Gruppe 6",
  "Last 4 Group 4": "Letzte 4 Gruppe 4",
  "One Pair": "Ein Paar",
  "One No.": "Eine Nummer",
  "Three of a Kind": "Drilling",
  "First 3 Straight(Joint)": "Erste 3 Gerade (Kombiniert)",
  "First 3 Straight(Manual)": "Erste 3 Gerade (Manuell)",
  "First 3 Straight(Combo)": "Erste 3 Gerade (Kombination)",
  "Sum of First 3": "Summe der ersten 3",
  "Span of First 3": "Spanne der ersten 3",
  "First 3 Group 3": "Erste 3 Gruppe 3",
  "First 3 Group 6": "Erste 3 Gruppe 6",
  "First 3 Combo Group": "Erste 3 Mischgruppe",
  "First 3 Sum of Group": "Summe der ersten 3 Gruppen",
  "First 3 Group 3(Manual)": "Erste 3 Gruppe 3 (Manuell)",
  "First 3 Group 6(Manual)": "Erste 3 Gruppe 6 (Manuell)",
  "First 3 Fixed Digit": "Erste 3 Feste Ziffer",
  "First 3 Sum of Tails": "Summe der ersten 3 Endziffern",

  "Other": "Andere",
  "Mid 3 Straight(Joint)": "Mitte 3 Gerade (Kombination)",
  "Mid 3 Straight(Manual)": "Mitte 3 Gerade (Manuell)",
  "Mid 3 Straight(Combo)": "Mitte 3 Gerade (Kombi)",
  "Sum of Mid3": "Summe der Mitte 3",
  "Span of Mid3": "Spanne der Mitte 3",
  "Mid 3 Group 3": "Mitte 3 Gruppe 3",
  "Mid 3 Group 6": "Mitte 3 Gruppe 6",
  "Mid 3 Combo Group": "Mitte 3 Kombi-Gruppe",
  "3 Sum of Group": "Summe der Mitte 3 Gruppe",
  "Mid 3 Group 3(Manual)": "Mitte 3 Gruppe 3 (Manuell)",
  "Mid 3 Group 6(Manual)": "Mitte 3 Gruppe 6 (Manuell)",
  "Mid 3 Fixed Digit": "Mitte 3 Feste Zahl",
  "Mid 3 Sum of Tails": "Mitte 3 Endzahlsumme",
  "All 3 Three cards": "Alle 3 Drei Karten",
  "One Hit": "Ein Treffer",
  "Two Hit": "Zwei Treffer",
  "Three Hits": "Drei Treffer",
  "Four Hits": "Vier Treffer",
  "Last 3 Straight(Joint)": "Letzte 3 Gerade (Kombination)",
  "Last 3 Straight(Manual)": "Letzte 3 Gerade (Manuell)",
  "Last 3 Straight(Combo)": "Letzte 3 Gerade (Kombi)",
  "Sum of Last 3": "Summe der Letzten 3",
  "Span of Last 3": "Spanne der Letzten 3",
  "Last 3 Group 3": "Letzte 3 Gruppe 3",
  "Last 3 Group 6": "Letzte 3 Gruppe 6",
  "Last 3 Combo Group": "Letzte 3 Kombi-Gruppe",
  "Last 3 Sum of Group": "Summe der Letzten 3 Gruppe",
  "Last 3 Group 3(Manual)": "Letzte 3 Gruppe 3 (Manuell)",
  "Last 3 Group 6(Manual)": "Letzte 3 Gruppe 6 (Manuell)",

"Last 3 Fixed Digit": "Letzte 3 feste Ziffer",
  "Last 3 Sum of Tails": "Letzte 3 Summen der Endziffern",
  "First 2 Straight(Joint)": "Erste 2 Gerade (Gemeinsam)",
  "First 2 Straight(Manual)": "Erste 2 Gerade (Manuell)",
  "Sum of First 2": "Summe der ersten 2",
  "Span of First 2": "Spanne der ersten 2",
  "First 2 Group(Joint)": "Erste 2 Gruppe (Gemeinsam)",
  "First 2 Group(Manual)": "Erste 2 Gruppe (Manuell)",
  "First 2 Sum of Group": "Summe der ersten 2 Gruppen",
  "First 2 Fixed Digit": "Erste 2 feste Ziffern",
  "Last 2 Straight(Joint)": "Letzte 2 Gerade (Gemeinsam)",
  "Last 2 Straight(Manual)": "Letzte 2 Gerade (Manuell)",
  "Sum of Last 2": "Summe der letzten 2",
  "Span of Last 2": "Spanne der letzten 2",
  "Last 2 Group(Joint)": "Letzte 2 Gruppe (Gemeinsam)",
  "Last 2 Group(Manual)": "Letzte 2 Gruppe (Manuell)",
  "Last 2 Sum of Group": "Summe der letzten 2 Gruppen",
  "Last 2 Fixed Digit": "Letzte 2 feste Ziffern",
  "Pick 2 (Joint)": "Wähle 2 (Gemeinsam)",
  "Pick 2 (Manual)": "Wähle 2 (Manuell)",
  "Sum of 2": "Summe von 2",
  "2 Group Sum": "2 Gruppen-Summe",
  "Pick 2 Fixed Digit": "Wähle 2 feste Ziffern",
  "Pick 2 Group(Joint)": "Wähle 2 Gruppe (Gemeinsam)",
  "Pick 2 Group(Manual)": "Wähle 2 Gruppe (Manuell)",
"B/S/O/E of First 3": "Erste 3 Groß/Klein/Ungerade/Gerade Kombination",
  "B/S/O/E of Last 2": "Letzte 2 Groß/Klein/Ungerade/Gerade Kombination",
  "B/S/O/E of Last 3": "Letzte 3 Groß/Klein/Ungerade/Gerade Kombination",
  "B/S/O/E Sum of All 5": "Summe aller 5 Groß/Klein/Ungerade/Gerade",
  "B/S/O/E Sum of All 3": "Summe aller 3 Groß/Klein/Ungerade/Gerade",
  "Combo": "Kombination",
  "Sum": "Summe",
  "Mid 3 Sum of Group": "Mittlere 3 Gruppensumme",
  "First1": "Erster Platz",
  "First2": "Erste Zwei",
  "First3": "Erste Drei",
  "First4": "Erste Vier",
  "First5": "Erste Fünf",
  "Fixed place": "Feste Position",
  "Dragon/Tiger": "Drache/Tiger",
  "Pick": "Auswahl",
  "B/S/O/E of Sum": "Summe Groß/Klein/Ungerade/Gerade",
  "Sum of Top Two": "Summe der obersten Zwei",
  "Guess rank": "Rang erraten",
  "B/S/O/E sum of Top Two": "Groß/Klein/Ungerade/Gerade Summe der obersten Zwei",
  "B/S/O/E of FIRST 5": "Groß/Klein/Ungerade/Gerade der ersten 5",
  "Pick 3 (Joint)": "Wähle 3 (Gemeinsam)",
  "Pick 3 (Manual)": "Wähle 3 (Manuell)",
  "Select Place": "Ort auswählen",
  "6th": "Sechster Platz",
  "7th": "Siebter Platz",
  "8th": "Achter Platz",
  "9th": "Neunter Platz",
  "10th": "Zehnter Platz",
  "First 5 Fixed Place": "Erste 5 feste Plätze",
  "Last 5 Fixed Place": "Letzte 5 feste Plätze",
  "First 1 straight (Joint)": "Erster Platz direkt (Kombiniert)",
  "First 2 straight (Joint)": "Erste 2 direkt (Kombiniert)",
  "First 2 straight (Manual)": "Erste 2 direkt (Manuell)",
  "First 3 straight (Joint)": "Erste 3 direkt (Kombiniert)",
  "First 3 straight (Manual)": "Erste 3 direkt (Manuell)",
  "First 4 straight (Joint)": "Erste 4 direkt (Kombiniert)",
  "First 4 straight (Manual)": "Erste 4 direkt (Manuell)",
  "First 5 straight (Joint)": "Erste 5 direkt (Kombiniert)",
  "First 5 straight (Manual)": "Erste 5 direkt (Manuell)",
  "1st V 10th": "1. gegen 10.",
  "2nd V 9th": "2. gegen 9.",
  "3rd V 8th": "3. gegen 8.",
  "4th V 7th": "4. gegen 7.",
  "5th V 6th": "5. gegen 6.",
  "Two No": "Zwei verschiedene Zahlen",
  "Guess A No": "Eine Zahl erraten",
  "Guess A Number": "Eine Zahl erraten",

  "Two No. Group": "Zwei unterschiedliche Zahlen-Gruppe",
  "Two No. Standard": "Zwei unterschiedliche Zahlen-Standard",
  "One Pair Standard": "Zwei gleiche Zahlen-Standard",
  "One Pair Group": "Zwei gleiche Zahlen-Gruppe",
  "One Pair Standard (Manual)": "Zwei gleiche Zahlen-Standard (Manuell)",
  "One Pair Standard (Joint)": "Zwei gleiche Zahlen-Standard (Gemeinsam)",
  "Three No Standard": "Drei unterschiedliche Zahlen-Standard",
  "Three No. Group": "Drei unterschiedliche Zahlen-Gruppe",
  "3 Row": "Drei aufeinanderfolgende Zahlen",
  "All 3 Straight (Joint)": "Drei Zahlen direkt (Gemeinsam)",
  "All 3 Straight (Manual)": "Drei Zahlen direkt (Manuell)",
  "All 3 Sum of No.": "Drei Zahlen direkte Summe",
  "All 3 span of No.": "Drei Zahlen direkter Abstand",
  "All 3 Group 3 (Joint)": "Drei Zahlen Gruppe 3 (Gemeinsam)",
  "All 3 Group 6 (Joint)": "Drei Zahlen Gruppe 6 (Gemeinsam)",
  "All 3 Combo (Joint)": "Drei Zahlen Kombination (Gemeinsam)",
  "All 3 Sum of Group": "Drei Zahlen Gruppen-Summe",
  "All 3 Fixed Digit Group": "Drei Zahlen feste Ziffern-Gruppe",
  "First 2 Straight (Joint)": "Erste zwei direkt (Gemeinsam)",
  "First 2 Straight (Manual)": "Erste zwei direkt (Manuell)",
  "First 2 Group (Joint)": "Erste zwei Gruppe (Gemeinsam)",
  "First 2 Group (Manual)": "Erste zwei Gruppe (Manuell)",
  "Last 2 Straight (Joint)": "Letzte zwei direkt (Gemeinsam)",
  "Last 2 Straight (Manual)": "Letzte zwei direkt (Manuell)",
  "Last 2 Group (Joint)": "Letzte zwei Gruppe (Gemeinsam)",
  "Last 2 Group (Manual)": "Letzte zwei Gruppe (Manuell)",
  "Any Place 1 out of all 3": "Beliebige Position 1 von 3",
  "Any Place 2 out of all 3": "Beliebige Position 2 von 3",

  "All 3": "Drei Sterne",
  "All 2": "Zwei Sterne",
  "Core Digit": "Kernziffer",
  "Leg Digit": "Beiziffer",
  "All Place": "Alle Positionen",
  "Odd&Even": "Ungerade & Gerade",
  "Fun Odd/Even": "Spaß Ungerade & Gerade",
  "The Middle No": "Mittlere Zahl erraten",
  "Fun The Middle No": "Spaß Mittlere Zahl erraten",
  "Joint": "Kombination",
  "Manual": "Manuell",
  "Fixed Digit": "Feste Ziffer",
  "1st Place": "Erster Platz",
  "2nd Place": "Zweiter Platz",
  "3rd Place": "Dritter Platz",
  "First 3 straight (joint)": "Erste 3 direkt (Kombination)",
  "First 3 straight (manual)": "Erste 3 direkt (Manuell)",
  "First 3 Group (joint)": "Erste 3 Gruppe (Kombination)",
  "First 3 Group (Manual)": "Erste 3 Gruppe (Manuell)",
  "First 2 straight (joint)": "Erste 2 direkt (Kombination)",
  "First 2 Group (joint)": "Erste 2 Gruppe (Kombination)",
  "Pick (Joint) 1 out of 1": "Wahl (Kombination) 1 aus 1",
  "Pick (Joint) 2 out of 2": "Wahl (Kombination) 2 aus 2",
  "Pick (Joint) 3 out of 3": "Wahl (Kombination) 3 aus 3",
  "Pick (Joint) 4 out of 4": "Wahl (Kombination) 4 aus 4",
  "Pick (Joint) 5 out of 5": "Wahl (Kombination) 5 aus 5",
  "Pick (Joint) 5 out of 6": "Wahl (Kombination) 5 aus 6",
  "Pick (Joint) 5 out of 7": "Wahl (Kombination) 5 aus 7",
  "Pick (Joint) 5 out of 8": "Wahl (Kombination) 5 aus 8",
  "Pick (Manual) 1 out of 1": "Wahl (Manuell) 1 aus 1",


  "Pick (Manual) 2 out of 2": "Manuelle Auswahl 2 aus 2",
  "Pick (Manual) 3 out of 3": "Manuelle Auswahl 3 aus 3",
  "Pick (Manual) 4 out of 4": "Manuelle Auswahl 4 aus 4",
  "Pick (Manual) 5 out of 5": "Manuelle Auswahl 5 aus 5",
  "Pick (Manual) 5 out of 6": "Manuelle Auswahl 5 aus 6",
  "Pick (Manual) 5 out of 7": "Manuelle Auswahl 5 aus 7",
  "Pick (Manual) 5 out of 8": "Manuelle Auswahl 5 aus 8",
  "Pick Fixed Digit 2 out of 2": "Feste Ziffernauswahl 2 aus 2",
  "Pick Fixed Digit 3 out of 3": "Feste Ziffernauswahl 3 aus 3",
  "Pick Fixed Digit 4 out of 4": "Feste Ziffernauswahl 4 aus 4",
  "Pick Fixed Digit 5 out of 5": "Feste Ziffernauswahl 5 aus 5",
  "Pick Fixed Digit 5 out of 6": "Feste Ziffernauswahl 5 aus 6",
  "Pick Fixed Digit 5 out of 7": "Feste Ziffernauswahl 5 aus 7",
  "Pick Fixed Digit 5 out of 8": "Feste Ziffernauswahl 5 aus 8",
  "5 Odd 0 Even": "5 ungerade 0 gerade",
  "4 Odd 1 Even": "4 ungerade 1 gerade",
  "3 Odd 2 Even": "3 ungerade 2 gerade",
  "2 Odd 3 Even": "2 ungerade 3 gerade",
  "1 Odd 4 Even": "1 ungerade 4 gerade",
  "0 Odd 5 Even": "0 ungerade 5 gerade",
  "Extra No.": "Zusatznummer",
  "GOLD": "Gold",
  "WOOD": "Holz",
  "EARTH": "Erde",
  "WATER": "Wasser",
  "FIRE": "Feuer",
  "Extra head/tail no": "Zusätzliche Kopf-/Schwanznummer",

  "Big Odd": "Große Ungerade",
  "Small Odd": "Kleine Ungerade",
  "Big Even": "Große Gerade",
  "Small Even": "Kleine Gerade",
  "Rat": "Ratte",
  "Ox": "Ochse",
  "Rabbit": "Kaninchen",
   
   "Snake": "Schlange",
    "Horse": "Pferd",
    "Goat": "Ziege",
    "Monkey": "Affe",
    "Rooster": "Hahn",
    "Dog": "Hund",
    "Pig": "Schwein",

    "Head": "Kopfzahl",
    "Tail": "Endzahl",
    "Combo Zodiac": "Kombination Sternzeichen",
    "Special Zodiac": "Sondersternzeichen",
    "5 elements": "Fünf Elemente",
    "Form Extra No": "Sondernummernform",
    "Form Sum of extra head & tail": "Summe von Kopf und Endzahl",
    "Form Extra tail": "Sonderendzahlform",
    "Form Extra Zodiac": "Sondersternzeichenform",

    "Extra&Ball Color": "Extra & Kugelfarbe",
    "Color Balls": "Farbbälle",
    "Extra&Ball Zodiac": "Extra & Kugel Sternzeichen",
    "Extra&Ball No": "Extra & Kugelnummer",
   
    "Ball 1": "Ball Eins",
    "Ball 2": "Ball Zwei",
    "Ball 3": "Ball Drei",
    "Ball 4": "Ball Vier",
    "Ball 5": "Ball Fünf",
    "Ball 6": "Ball Sechs",
    "Ball Color": "Ballfarbe",
    "Ball No": "Ballnummer",
    
    "Pick Ball No.": "Wähle Ballnummer",
    "Fixed Place Ball 1": "Fester Platz Ball Eins",
    "Fixed Place Ball 2": "Fester Platz Ball Zwei",
    "Fixed Place Ball 3": "Fester Platz Ball Drei",
    "Fixed Place Ball 4": "Fester Platz Ball Vier",
    "Fixed Place Ball 5": "Fester Platz Ball Fünf",
    "Fixed Place Ball 6": "Fester Platz Ball Sechs",
    
    "Win 2/3": "Gewinne 2 aus 3",
    "Win 3/3": "Gewinne 3 aus 3",
    "Win 2/2": "Gewinne 2 aus 2",
    
    "Bravery Tow 2/2": "Mutiges Zwei aus Zwei",
    "Win 4/4": "Gewinne 4 aus 4",
"Tail No.": "Einfache Endzahl",
  "Mismatch": "Fehlanpassung",
  "2 Consec tail": "Zwei aufeinanderfolgende Endzahlen",
  "3 Consec tail": "Drei aufeinanderfolgende Endzahlen",
  "4 Consec tail": "Vier aufeinanderfolgende Endzahlen",
  "5 Consec tail": "Fünf aufeinanderfolgende Endzahlen",
  "2 No.": "Zwei Zahlen",
  "Win Extra No.": "Zusätzliche Gewinnzahl",

  "1 Zodiac": "Ein Tierkreiszeichen",
  "2 Consec zodiac": "Zwei aufeinanderfolgende Tierkreiszeichen",
  "3 Consec zodiac": "Drei aufeinanderfolgende Tierkreiszeichen",
  "4 Consec zodiac": "Vier aufeinanderfolgende Tierkreiszeichen",
  "5 Consec zodiac": "Fünf aufeinanderfolgende Tierkreiszeichen",
  "Sum Zodiac": "Gesamttierkreiszeichen",
  "O/E Sum Zodiac": "Gerade/Ungerade Gesamttierkreiszeichen",
  "2 Slide Colored Balls": "Halbwelle",
  "Bravery Tow 3/3": "Mutige Wette 3 aus 3",
  "Same line extra & Ball Zodiac": "Gleiche Linie Extra & Ball Tierkreis",
  "One Zodiac": "Ein Tierkreiszeichen",
  "Red Balls": "Rote Kugeln",
  "Blue Balls": "Blaue Kugeln",
  "Green Balls": "Grüne Kugeln",
  "2 Zodiac": "Zwei Tierkreiszeichen",
  "3 Zodiac": "Drei Tierkreiszeichen",
  "4 Zodiac": "Vier Tierkreiszeichen",
  "5 Zodiac": "Fünf Tierkreiszeichen",
  "6 Zodiac": "Sechs Tierkreiszeichen",
  "7 Zodiac": "Sieben Tierkreiszeichen",
  "Zodiac Sky": "Himmelszeichen",
  "Zodiac Ground": "Erdzeichen",
  "Zodiac First": "Erstes Tierkreiszeichen",
  "Zodiac Last": "Letztes Tierkreiszeichen",
  "Zodiac Poultry": "Geflügelzeichen",
  "Zodiac Beast": "Wildtierzeichen",
  "Ox /Rabbit /Dragon /Horse /Monkey /Pig": "Ochse /Kaninchen /Drache /Pferd /Affe /Schwein",
  "Rat /Tiger /Snake /Goat /Rooster /Dog": "Ratte /Tiger /Schlange /Ziege /Hahn /Hund",
  "Rat /Ox /Tiger /Rabbit /Dragon /Snake": "Ratte /Ochse /Tiger /Kaninchen /Drache /Schlange",
  "Horse /Goat /Monkey /Rooster /Dog /Pig": "Pferd /Ziege /Affe /Hahn /Hund /Schwein",
  "Ox /Horse /Goat /Rooster /Dog /Pig": "Ochse /Pferd /Ziege /Hahn /Hund /Schwein",
  "Rat /Tiger /Dragon /Snake /Rabbit /Monkey": "Ratte /Tiger /Drache /Schlange /Kaninchen /Affe",
  "Big Red": "Groß Rot",
  "Odd Red": "Ungerade Rot",
  "Big Blue": "Groß Blau",
  "Odd Blue": "Ungerade Blau",
  "Big Green": "Groß Grün",
  "Odd Green": "Ungerade Grün",
  "Small Red": "Klein Rot",
  "Even Red": "Gerade Rot",
  "Small Blue": "Klein Blau",
  "Even Blue": "Gerade Blau",
  "Small Green": "Klein Grün",
  "Even Green": "Gerade Grün",
  "Extra Ball No.": "Zusätzliche Ballnummer",
  
  "Pick 1": "Wähle 1",
  "Pick 5": "Wähle 5",
  "Pick 6": "Wähle 6",
  "Pick 7": "Wähle 7",
  "Over": "Über",
  "Under": "Unter",
  "Over/Under": "Über/Unter",
  // game list
  "Lottery": "Lotterie",
    "Sports": "Sport",
    "Jackpot": "Jackpot",
    "Casino": "Casino",
    "Chess & Cards": "Schach & Karten",
    "Virtual Games": "Virtuelle Spiele",
    "5D": "5D",
    "Royal 5": "Königlich 5",
    "1kball 5D 1m": "1k Ball 5D 1m",

    "Lucky Pick5": "Glückliche Auswahl 5",
    "1kball 1min": "1k Ball 1 Minute",
    "Speedy 5D 1min": "Schnelles 5D 1 Minute",
    "Speedy 5D 3mins": "Schnelles 5D 3 Minuten",
    "Lucky 5D 1.5mins": "Glückliches 5D 1.5 Minuten",
    "5D Board Games 1min": "5D Brettspiele 1 Minute",
    "5d Fantan 1min": "5D Fantan 1 Minute",
    "Chappo 5D": "Chappo 5D",
    "Chairman": "Vorsitzender",
    "Queenpk5": "Königin PK5",

    "PK10": "PK10",
    "Royal 10": "Königlich 10",
    "Speedy PK10 1.5min": "Schnelles PK10 1.5 Minuten",
    "Lucky PK10 3m": "Glückliches PK10 3 Minuten",
    "Pk10 Board Game 1min": "PK10 Brettspiel 1 Minute",
    "Pk10 Fantan1min": "PK10 Fantan 1 Minute",
    "Chappo PK10": "Chappo PK10",
    
    "FAST3": "Schnell 3",
    "Fast 3 1min": "Schnell 3 1 Minute",
    "Speedy Fast 3 1.5mins": "Schnelles Schnell 3 1.5 Minuten",
    "Lucky Fast 3 3mins": "Glückliches Schnell 3 3 Minuten",
    "Fast 3 BoardGame 1min": "Schnell 3 Brettspiel 1 Minute",
    "Fast3 Fantan1min": "Schnell 3 Fantan 1 Minute",
    "Fast 3 chappo 20sec": "Schnell 3 Chappo 20 Sekunden",
    "RandyFAST3": "Randy Schnell 3",
    "Max Fast 3": "Max Schnell 3",
    "MikeFast3": "Mike Schnell 3",
    "PIFast3": "PI Schnell 3",
    "RoodevFast3": "Roodev Schnell 3",

    "3D": "3D",
    "Lucky 3D": "Glückliches 3D",
    "Hanoi 3D": "Hanoi 3D",
    "Max 3D": "Max 3D",
    "11X5": "11 aus 5",
    "Rapid 11x5 (1min)": "Schnelles 11 aus 5 (1 Min.)",
    "Lucky 11x5 (5min)": "Glückliches 11 aus 5 (5 Min.)",
    "11x5 Board Game (1min)": "11 aus 5 Brettspiel (1 Min.)",
    "11x5 Quick 1min": "11 aus 5 Schnell (1 Min.)",
    "11x5 Board Game (20secs)": "11 aus 5 Brettspiel (20 Sek.)",
    "Tencent 11x5": "Tencent 11 aus 5",
    "Mark6": "Mark6",
    "Rapid Mark 6": "Schnelles Mark 6",
    "Mark 6 5mins": "Mark 6 (5 Min.)",
    "Mark 6 Board Game 1min": "Mark 6 Brettspiel (1 Min.)",
    "Mark6 Fantan1min": "Mark6 Fantan (1 Min.)",
    "Mark6 Fantan20sec": "Mark6 Fantan (20 Sek.)",
    "Mark 6 Board Game 20secs": "Mark 6 Brettspiel (20 Sek.)",
    "Happy8": "Glückliches 8",
    "Rapid Happy 8": "Schnelles Glückliches 8",
    "Happy8 Board Game 1min": "Glückliches 8 Brettspiel (1 Min.)",
    "Happy8 Fantan1min": "Glückliches 8 Fantan (1 Min.)",
    "Happy8 Board Game 20secs": "Glückliches 8 Brettspiel (20 Sek.)",
    "Happy8 Fantan20secs": "Glückliches 8 Fantan (20 Sek.)",

   
  
   
  
      "":"",
      "":"",
      "":"",
      "":"",
      "":"",
      "":"",
      "":"",
      "":"",
      "":"",
      "":"",
      "":"",
      "":"",
      "":"",
      "":"",
      "":"",
      "":"",
      "":"",
      "":"",
      "":"",
      "":"",
        "":""
}