{
    "Personal Information": "Persönliche Informationen",
  "Personal Center": "Persönliches Zentrum",
  "System Setting": "Systemeinstellungen",
  "Notification Alert": "Benachrichtigungsalarm",
  "Cover Sheet Voice": "Deckblattstimme",
  "Winning Sound": "Gewinnsound",
  "Winning Notification Tips": "Gewinnbenachrichtigungstipps",
  "Chat Notification Sound": "Chat-Benachrichtigungston",
  "Bonus": "Bonus",
  "Total Account Balance": "Gesamtkontostand",
  "Account registration Time": "Konto-Registrierungszeit",
  "Recent Login Log": "Letztes Anmeldeprotokoll",
  "Login Time": "Anmeldezeit",
  "Login IP": "Anmelde-IP",
  "IP Location": "IP-Standort",
  "Update": "Aktualisieren",
  "No Record Found": "Kein Eintrag gefunden",
  "Bank Account Management": "Bankkontoverwaltung",
  "Bank Card": "Bankkarte",
  "Wallet": "Brieftasche",

  "You can bind up to 5 bank cards for cash withdrawal at the same time, but all cards must belong to the same cardholder.": "Sie können bis zu 5 Bankkarten gleichzeitig für Bargeldabhebungen verknüpfen, aber alle Karten müssen demselben Karteninhaber gehören.",
  "The first bank card takes 0 hours to withdraw money.": "Die erste Bankkarte benötigt 0 Stunden, um Geld abzuheben.",
  "Help Tips": "Hilfetipps",
  "Add Bank": "Bank hinzufügen",
  "Link Bank Card": "Bankkarte verknüpfen",
  "The Card Number Must Correspond to the name of the Account Holder, Otherwise the Withdrawal will Fail!": "Die Kartennummer muss mit dem Namen des Kontoinhabers übereinstimmen, andernfalls schlägt die Auszahlung fehl!",
  "Bank of Deposit": "Einzahlungsbank",
  "Select City": "Stadt auswählen",
  "Branch Name *": "Filialname *",
  "*Due to the Third Party Payment, The sub-branch must be filled in correctly, Otherwise the cash cannot be withdrawn": "*Aufgrund der Drittanbieter-Zahlung muss die Zweigstelle korrekt ausgefüllt werden, sonst kann das Bargeld nicht abgehoben werden.",
  "Account Holder Name": "Name des Kontoinhabers",
  "* Only Card With Same Name can be Linked": "*Nur Karten mit demselben Namen können verknüpft werden.",
  "Bank Card Number": "Bankkartennummer",
  "* Bank Account Number Consist of 16, 18 or 19 digits": "*Die Bankkontonummer besteht aus 16, 18 oder 19 Ziffern.",
  "Fund Password": "Fonds-Passwort",
  "You can bind up to 5 bank cards for cash withdrawal at the same time, but all cards must belong to the same cardholder": "Sie können bis zu 5 Bankkarten gleichzeitig für Bargeldabhebungen verknüpfen, aber alle Karten müssen demselben Karteninhaber gehören.",
  "The first bank card takes 0 hours to withdraw money": "Die erste Bankkarte benötigt 0 Stunden, um Geld abzuheben.",
  "It takes 0 hours to withdraw money after the non-first bank card is added": "Nach dem Hinzufügen einer nicht-ersten Bankkarte dauert die Auszahlung 0 Stunden.",


    "Bank": "银行",
    "Card Holder": "持卡人",
    "Effective Time": "生效时间",
    "Set as Default": "设为默认",
    "Momo": "摩摩",
    "[Reminder] The actual remittance amount must match, and the system will automatically transfer to the account[Note] Please do not fill in remarks/postscripts when transferring funds[Note] If there is no instant payment option, please re-initiate the order and do not make a paymentIf you use a non-real-time payment method to make a payment, you must absorb the loss yourself if you lose funds":"实际汇款金额必须匹配，系统将自动转账至账户 转账时请勿填写备注/附言 如果没有即时支付选项，请重新发起订单并且不要付款 如果使用非实时支付方式付款，发生资金损失时，需自行承担损失",
    "Recharge Amount": "充值金额",
  "【pay attention】": "【注意】",
   "Must use the same bank card as the name bound to the platform for remittance, otherwise the funds will be lost": "汇款时必须使用与平台绑定的姓名相同的银行卡，否则资金将丢失",
  "After the superior recharges, transfers and withdraws money to the subordinates, recharges RMB and withdraws USDT, all will be regarded as money laundering operations": "上级为下级充值、转账和提现，充值人民币和提现USDT，全部将视为洗钱操作",
   "Bank Transfer": "银行转账",
   "Crypto": "Kryptowährung",
    "Manual": "Handbuch",
    "Remaining Yuan": "Verbleibender Yuan",
    "Remaining Withdrawal Times": "Verbleibende Abhebungszeiten",
    "0 times": "0 Mal",
    "Select Bank Card": "Bankkarte auswählen",
    "Remarks(optional)": "Bemerkungen (optional)",
    "Actual Deposit": "Tatsächliche Einzahlung",
    "Withdrawal Fee": "Abhebungsgebühr",
    "Withdrawal Amount": "Abhebungsbetrag",
    "Apply For Withdrawal": "Abhebung beantragen",
    "Transfer": "Überweisung",
    "Security Center": "Sicherheitszentrum",
    "Wallet Transfer": "Wallet-Überweisung",
    "Withdrawal": "Abhebung",
    "Recharge": "Aufladen",
    "Transfer out": "Auszahlen",
    "Transfer in": "Einzahlen",
    "Amount": "Betrag",

"Transfer Out Wallet": "Auszahlungs-Wallet",
    "Transfer to Wallet": "Auf Wallet überweisen",
    "Transfer Amount": "Überweisungsbetrag",
    "Center Wallet": "Zentral-Wallet",
    "Withdrawal Freeze": "Auszahlungsstopp",
    "Retrieve all": "Alles zurückholen",
    "Refresh Balance": "Guthaben aktualisieren",
    "One - Click Recovery": "Ein-Klick-Wiederherstellung",
    "Confirm Transfer": "Überweisung bestätigen",
    "Your Account Level of Security isLowThe Safety index is Low": "Ihr Kontosicherheitsniveau ist niedrig, der Sicherheitsindex ist niedrig",
    "Last Login": "Letzte Anmeldung",
    "Last Login IP": "Letzte Login-IP",
    "Login Password": "Anmeldepasswort",
    "Old Password": "Altes Passwort",
    "New Password": "Neues Passwort",

"The password must be a combination of 8-16 characters including English, numbers and Case-Sensitive": "Das Passwort muss aus 8-16 Zeichen bestehen, einschließlich englischer Buchstaben, Zahlen und Groß- und Kleinschreibung.",
  "Confirm New Password": "Neues Passwort bestätigen",
  "Not Set": "Nicht festgelegt",
  "Password confirmation is required for fund operations such as bank card binding and transfer to improve the security of your funds": "Die Passwortbestätigung ist für Finanztransaktionen wie die Bindung einer Bankkarte und Überweisungen erforderlich, um die Sicherheit Ihrer Gelder zu verbessern.",
  "Change": "Ändern",
  "Set up your funds password": "Richten Sie Ihr Finanzpasswort ein",
  "Security Question": "Sicherheitsfrage",
  "Greatly improve account security, it is recommended to bind": "Verbessern Sie die Kontosicherheit erheblich, eine Bindung wird empfohlen.",
  "Enable": "Aktivieren",
  "Security Answer": "Sicherheitsantwort",
  "Confirm Security Answer": "Sicherheitsantwort bestätigen",
  "2FA": "Zwei-Faktor-Authentifizierung",
  "Prevent account theft and protect account security": "Verhindern Sie den Diebstahl von Konten und schützen Sie die Kontosicherheit.",
  "Remote Login Correction": "Korrektur des Fernzugriffs",
  "prevent account theft and protect account security": "Verhindern Sie den Diebstahl von Konten und schützen Sie die Kontosicherheit.",
  "Greetings": "Grüße",
  "Make sure to use real domain to avoid deliberate phishing sites to steal data": "Stellen Sie sicher, dass Sie eine echte Domain verwenden, um absichtliche Phishing-Websites zur Datenentwendung zu vermeiden.",
  "Accept crypto payments in over 300 cryptocurrencies using your wallet. Deposit money to your game account easily.": "Akzeptieren Sie Krypto-Zahlungen in über 300 Kryptowährungen mit Ihrem Wallet. Zahlen Sie ganz einfach Geld auf Ihr Spielkonto ein.",
  "Click to make deposit": "Klicken Sie, um eine Einzahlung zu tätigen",
   
    "":""
}