

{
    "Report Center": "Berichtszentrum",
    "Personal Statement": "Persönliche Erklärung",
    "Games Zone": "Spielzone",
    "Lottery": "Lotterie",
    "Casino": "Kasino",
    "Spots": "Sport",
    "Chess and Cards": "Schach und Karten",
    "Virtual Cards": "Virtuelle Karten",
    "Aviator": "Flieger",
    "Jackpot": "Jackpot",
    "Fishing": "Angeln",
    "Games": "Spiele",
    "From": "Von",
    "To": "Bis",
    "Search": "Suche",
    "Refresh": "Aktualisieren",
    "All": "Alle",
    "Today": "Heute",
    "Yesterday": "Gestern",
    "3days Ago": "Vor 3 Tagen",
    "Select All": "Alle auswählen",
    "Username": "Benutzername",
    "Bet Amount": "Einsatzbetrag",
    "No Record Found": "Kein Eintrag gefunden",
    "Profit and loss": "Gewinn und Verlust",
    "Rebate/activities": "Rabatt/Aktionen",
    "Withdraw money": "Geld abheben",
    "Top up": "Aufladen",
    "Win Amount": "Gewinnbetrag",
    "Team Report": "Teambericht",
    "Betting Report": "Wettbericht",
    "Tracking Number": "Verfolgungsnummer",
    "Withdrawal Records": "Auszahlungsaufzeichnungen",
    "Deposit Records": "Einzahlungsaufzeichnungen",
    "Transfer Record": "Überweisungsaufzeichnung",
    "Transaction History": "Transaktionshistorie",
    "Profit Management Report": "Gewinnverwaltungsbericht",
    "Query Data": "Daten abfragen",
    "Membership level:": "Mitgliedsstufe:",
    "Overall team summary results": "Gesamtzusammenfassung des Teams",
    "direct reports": "Direkte Berichte",
    "Bet Id": "Wett-ID",
    "Lottery Game": "Lotteriespiel",
    "Game Model": "Spielmodell",
    "Game Type": "Spieltyp",
    "Issues": "Probleme",
    "Time": "Zeit",
    "Multiplier": "Multiplikator",
    "Bet Details": "Wettdetails",
    "Bet Status": "Wettstatus",
    "Cancel": "Abbrechen",
    "Model": "Modell",
    "Game": "Spiel",
    "Bet State": "Wettstatus",
    "Page": "Seite",
    "Previous": "Vorherige",
    "Next": "Nächste",
    "User": "Benutzer",
    "Track ID": "Verfolgungs-ID",
    "Lottery Name": "Lotteriename",
    "Game Name": "Spielname",
    "Start Draw": "Ziehung starten",
    "Tracked": "Verfolgt",
    "User Selection": "Benutzerauswahl",
    "Total Amount": "Gesamtbetrag",
    "Valid Amount": "Gültiger Betrag",
    "Status": "Status",
    "State": "Status",
    "Withdrawal ID": "Auszahlungs-ID",
    "Withdrawal Time": "Auszahlungszeit",
    "Withdrawal Type": "Auszahlungsart",
    "Fund Account": "Konto finanzieren",
    "Withdrawal Amount": "Auszahlungsbetrag",
    "Remarks": "Bemerkungen",
    "Personal": "Persönlich",
    "Team": "Team",
    "Order Number": "Bestellnummer",
    "ATM card number": "ATM-Kartennummer",
    "Deposit Amount": "Einzahlungsbetrag",
    "Approval Status": "Genehmigungsstatus",
    "Transfer Out": "Überweisung",
    "Change Amount": "Betragsänderung",
    "Amount After Change": "Betrag nach Änderung",
    "Transaction Time": "Transaktionszeit",
    "Transaction ID": "Transaktions-ID",
    "Transaction Type": "Transaktionstyp",
    "Balance Before": "Saldo vor Änderung",
    "Account Balance": "Kontostand",
    "Bet Deduct": "Wetteinsatz abgezogen",
    "Bet Pending": "Wette ausstehend",
    "Bet Won": "Wette gewonnen",
    "Total Bet Amount": "Gesamtwetteinsatz",
    "Total Win Amount": "Gesamtgewinnbetrag",
    "Rebate": "Rabatt",
    "Promotion": "Aktion",
    "Total": "Gesamt",
    "Bet Management3": "Wettverwaltung3",
}