{
  "Team Overview": "Teamübersicht",
    "Account Center": "Kontozentrum",
    "Member Management": "Mitgliederverwaltung",
    "Link Management": "Linkverwaltung",
    "From": "Von",
    "To": "Bis",
    "Search": "Suche",
    "Yesterday": "Gestern",
    "3days Ago": "Vor 3 Tagen",
    "Before": "Vorher",
    "This Week": "Diese Woche",
    "This Month": "Dieser Monat",
    "Last Month": "Letzter Monat",
    "Team Size": "Teamgröße",
    "Active Numbers": "Aktive Anzahl",
    "Effective Number": "Effektive Anzahl",
    "Recharge (Yuan)": "Aufladen (Yuan)",
    "Withdrawal (Yuan)": "Auszahlung (Yuan)",
    "Betting (Yuan)": "Wetten (Yuan)",
    "Rebate/Activity (Yuan)": "Rabatt/Aktivität (Yuan)",
"Net Profit (Yuan)": "Nettogewinn (Yuan)",
    "Team Balance (Yuan)": "Teamguthaben (Yuan)",
    "Nearly": "Fast",
    "Days Trend Chart": "Tagestrenddiagramm",
    "Recharge": "Aufladen",
    "Withdrawal": "Abhebung",
    "Rebate/Activity": "Rabatt/Aktivität",
    "Commission": "Kommission",
    "Actual Sales": "Tatsächlicher Umsatz",
    "Send Prizes": "Preise senden",
    "Total Profit and Loss": "Gesamtgewinn und -verlust",
    "Sales for (Th)": "Verkäufe für (Th)",
    "Jan": "Januar",
    "Feb": "Februar",
    "Mar": "März",
    "Apr": "April",
    "May": "Mai",
    "June": "Juni",
    "July": "Juli",
    "Aug": "August",
    "Sep": "September",
    "Oct": "Oktober",
    "Nov": "November",
    "Dec": "Dezember",
    "Type of Membership": "Mitgliedschaftstyp",

    "Agent": "Agent",
    "Customer": "Kunde",
    "Username": "Benutzername",
    "Account Name, Max 5 - 16 , Starting with two Characters And the rest; digits": "Kontoname, maximal 5 - 16 Zeichen, beginnend mit zwei Buchstaben, der Rest sind Ziffern",
    "Email Address": "E-Mail-Adresse",
    "Password": "Passwort",
    "The default password is “Lt123456” without the quotes,Max 8-16. Required Characters and Digits": "Das Standardpasswort ist „Lt123456“ (ohne Anführungszeichen), maximal 8-16 Zeichen, erforderliche Buchstaben und Ziffern",
    "Rebate *": "Rabatt *",
    "Open an Account": "Konto eröffnen",
    "Type": "Typ",
    "Balance": "Guthaben",
    "Team Balance": "Teamguthaben",
    "Registration Time": "Registrierungszeit",
    "Last Login": "Letzte Anmeldung",
    "Bouns": "Bonus",
    "Online Status": "Online-Status",
    "Control": "Steuerung",
    "Online": "Online",
    "Offline": "Offline",
    "Acting": "Vertretung",
    "Membership Level:": "Mitgliedsstufe:",
    "Add Link": "Link hinzufügen",
    "Serial Number": "Seriennummer",
    "Add promotion link": "Werbelink hinzufügen",
    "Membership Type": "Mitgliedschaftstyp",
    "Submit": "Einreichen",
    "Account Type": "Kontotyp",
    "Bonus Group": "Bonusgruppe",
    "Registration Link": "Registrierungslink",
    "Count": "Anzahl",
    "Message": "Nachricht",
    "operate": "Bedienen",
    "Bet Management3": "Wettverwaltung3",
    "Notification": "Benachrichtigung",
    "Promotion": "Werbung",
    "Notification 01": "Benachrichtigung 01",
    "Notification Information": "Benachrichtigungsinformationen",
    "Heading": "Überschrift",
    "":""
}