



{

    
"BIG EXTRA NO.": "GROSSE EXTRA-NR.",
    "SMALL EXTRA NO.": "KLEINE EXTRA-NR.", 
    "BLUE BALLS": "BLAUE BÄLLE",
    "RED BALLS": "ROTE BÄLLE", 
    "GREEN BALLS": "GRÜNE BÄLLE",
    "ODD EXTRA NO.": "UNGERADE EXTRA-NR.",
    "EVEN EXTRA NO.": "GERADE EXTRA-NR.",
    "Guess Extra Number": "Zusätzliche Zahl raten",
    "Ball Colors": "Ballfarben"

    "":"",
    "":"",
    "":"",
    "":"",
    "":"",
    "":"", 
    "":"",
    "":"", 
    "":"",
    "":"",
    "":"",
    "":"",
    "":"",
    "":"",
    "":"",
    "":"",
    "":"",
    "":"",
    "":"",
    "":"",
    "":""
  }