{

       
  "Bull Game":"梭哈",
  "First Three":"前三形态",
  "Middle Three":"中三形态",
  "Last Three":"后三形态",
  "First Two":"万千形态",
  "Odd Odd":"单单",
  "Odd Even":"单双",
  "Even Odd":"双单",
  "Even Even":"双双",
  "Quintuple":"五条",
  "Quadruple":"四条",
  "A Pair":"一对",
  "Triple Pair":"葫芦",
  "Streak":"顺子",
  "T.O.A.K":"三条",
  "Two Pairs":"两对",
  "Loose Cards":"散牌",
  "Half Streak":"半顺",
  "":"",
  "":"",
  "":"",
  "":"",
  "":"",
  "":"",
  "":"",
  "":"",
  "":"",
  "":"",
  "":""
}