



{

    

   
    "BIG EXTRA NO.":"特大",
    "SMALL EXTRA NO.":"特小", 
    "BLUE BALLS":"蓝波",
    "RED BALLS":"红波", 
    "GREEN BALLS":"绿波",
    "ODD EXTRA NO.":"特双",
    "EVEN EXTRA NO.":"特单",
    "Guess Extra Number":"猜特码",
    "Ball Colors":"色波",

    "":"",
    "":"",
    "":"",
    "":"",
    "":"",
    "":"", 
    "":"",
    "":"", 
    "":"",
    "":"",
    "":"",
    "":"",
    "":"",
    "":"",
    "":"",
    "":"",
    "":"",
    "":"",
    "":"",
    "":"",
    "":""
  }