

{

    

    "High Range":"冠亚和值",
    "First 5":"前",
    "Last 5":"后",
    "Max Value (First 5)":"最大值",
    "Min Value (Last 5)":"最小值",
    "Guess The Number 1":"快慢",
    "Guess First Winner":"猜冠军",
    "01":"01",
    "02":"02",
    "03":"03",
    "04":"04",
    "05":"05",
    "06":"06",
    "07":"07",
    "08":"08",
    "09":"09",
    "10":"10",
    "BALL 1":"冠军位",
    "BALL 2":"亚军位",
    "BALL 3":"季军位",
    "BALL 4":"第四位",
    "BALL 5":"第五位",
    "BALL 6":"第六位",
    "BALL 7":"第七位",
    "BALL 8":"第八位",
    "BALL 9":"第九位",
    "BALL 10":"第十位",
    "First 5 (First 5 > Last 5)":"",
    "LAST 5 (Last 5 contains 01)":"",
  
    "(First 5 > Last 5)":"(前5>后5)",
    "(Last 5 > First 5)":"(后5>前5)",
    "FIRST 5":"快",
    "LAST 5":"慢",
    "(First 5 contains 01)":"(01号排前5)",
    "(Last 5 contains 01)":"(01号排后5)",
    "":"",
    "":"",
    "":""
  }