{
"Bull Big": "Bull Big",
  "Bull Odd": "Bull Ungerade",
  "Bull Small": "Bull Klein",
  "Bull Even": "Bull Gerade",
  "Maximum Value": "Maximaler Wert",
  "Minimum Value": "Minimaler Wert",
  "Dragon": "Drache",
  "Tiger": "Tiger",
  "Tie": "Unentschieden",
  "Ball 1": "Ball 1",
  "Ball 2": "Ball 2",
  "Ball 3": "Ball 3",
  "Ball 4": "Ball 4",
  "Ball 5": "Ball 5",
  "ball 1": "Ball 1",
  "ball 2": "Ball 2",
  "ball 3": "Ball 3",
  "ball 4": "Ball 4",
  "ball 5": "Ball 5",
  "Bull 1": "Bull 1",
  "Bull 2": "Bull 2",
  "Bull 3": "Bull 3",
  "Bull 4": "Bull 4",
  "Bull 5": "Bull 5",
  "Bull 6": "Bull 6",
  "Bull 7": "Bull 7",
  "Bull 8": "Bull 8",
  "Bull 9": "Bull 9",
  "Bull Bull": "Bull Bull",
  "No Bull": "Kein Bull",
  "Bull Game": "Bull Spiel",
  "Tiger Game": "Tiger Spiel"
 

}