{

"Bull Game": "Bullen Spiel",
  "First Three": "Erste Drei",
  "Middle Three": "Mittlere Drei",
  "Last Three": "Letzte Drei",
  "First Two": "Erste Zwei",
  "Odd Odd": "Ungerade Ungerade",
  "Odd Even": "Ungerade Gerade",
  "Even Odd": "Gerade Ungerade",
  "Even Even": "Gerade Gerade",
  "Quintuple": "Fünffach",
  "Quadruple": "Vierfach",
  "A Pair": "Ein Paar",
  "Triple Pair": "Dreifach Paar",
  "Streak": "Serie",
  "T.O.A.K": "Drilling",
  "Two Pairs": "Zwei Paare",
  "Loose Cards": "Lose Karten",
  "Half Streak": "Halbe Serie",
  "":"",
  "":"",
  "":"",
  "":"",
  "":"",
  "":"",
  "":"",
  "":"",
  "":"",
  "":"",
  "":""
}