



{

    
"BIG EXTRA NO.": "GRAND NUMÉRO EXTRA",
    "SMALL EXTRA NO.": "PETIT NUMÉRO EXTRA",
    "BLUE BALLS": "BOULES BLEUES",
    "RED BALLS": "BOULES ROUGES",
    "GREEN BALLS": "BOULES VERTES",
    "ODD EXTRA NO.": "NUMÉRO EXTRA IMPAIR",
    "EVEN EXTRA NO.": "NUMÉRO EXTRA PAIR",
    "Guess Extra Number": "Deviner le Numéro Extra",
    "Ball Colors": "Couleurs des Boules"

    "":"",
    "":"",
    "":"",
    "":"",
    "":"",
    "":"", 
    "":"",
    "":"", 
    "":"",
    "":"",
    "":"",
    "":"",
    "":"",
    "":"",
    "":"",
    "":"",
    "":"",
    "":"",
    "":"",
    "":"",
    "":""
  }