{
  
    "Draw":"期号",
    "Winning No.":"开奖号码",
    "Sum":"和值",
    "Span":"跨度",
   "G6":"组6",
  "G4":"组4",
  "G3":"组三",
    "All3 Group":"三星组态",
    "group3":"组3",
    "group6":"组6",
  "group4":"组4",
    "1st/2nd":"百十",
    "1st/3rd":"百个",
    "2nd/3rd":"十个",
    "T":"虎",
    "D":"龙",
    "Tie":"和",
    "Recent Draw":"近期开奖",
    "Dragon":"长龙",
    "Trend":"好路",
    "Recent bet":"近期投注",
   
  
    "":""
  
  }