{
  "All 5 Straight (Joint)":"五星直选复式", 
  "All":"全",
  "Draw":"期号",
  "Winning No.":"开奖号码",
  "All5 Group":"五星组态",
  "All 5":"五星",
  "G120":"组120",
  "G60":"组60",
  "G30":"组30",
  "G20":"组20",
  "G10":"组10",
  "G5":"组5",
  "G24":"组24",
  "G12":"组12",
  "G6":"组6",
  "G4":"组4",
  "G3":"组三",
  "group24":"组24",
  "group12":"组12",
  "group6":"组6",
  "group4":"组4",
  "Dragon":"长龙",
  "Trend":"好路",
  "Recent draw":"近期开奖",
  "Recent bet":"近期投注",
  "First 4 Group ":"前四组态",
  "All4 Group":"全部4組",
  "First 3 Group":"前三",
  "Sum":"和值",
  "Span":"跨度",
  "group6":"组六",
  "group3":"组三",
  "Mid 3 Group ":"中三",
  "Last 3 Group":"后三",
  "First 2 Group":"前二",
  "Last 2 Group":"后二",
  "Fixed Place Group":"五星组态",
  "1st":"万位",
  "2nd":"千位",
  "3rd":"百位",
  "4th":"十位",
  "5th":"个位",
  "B E":"大双",
  "S E":"小双",
  "B O":"大单",
  "S O":"小单",
  "1st V 2nd":"万千",
  "1st V 3rd":"万百",
  "1st V 4th":"万十",
  "1st V 5th":"万个",
  "2nd V 3rd":"千百",
  "2nd V 4th":"千十",
  "2nd V 5th":"千个",
  "3rd V 4th":"百十",
  "3rd V 5th":"百个",
  "4th V 5th":"十个",
  "T":"虎",
  "Tie":"和",
  "D":"龙",
  "Bull Bull":"牛牛",
  "Bull Big":"牛大",
  "Bull Small":"牛小",
  "Bull Odd":"牛单",
  "Bull Even":"牛双",
  "Bull 2":"牛二",
  "No Bull":"无牛",
  "Bull 5":"牛五",
  "Bull 4":"牛四",
  "Bull 9":"牛九",
  "Bull 3":"牛三",
  "Bull 6":"牛六",
  "Bull 7":"牛七",
  "Bull 8":"牛八",
  "First3":"前三",
  "Three cards":"炸金花",
  "Mid3":"中三",
  "Last3":"后三",
  "Mixed 6":"杂六",
  "Pair":"对子",
  "Straight":"直的",
  "Half Streak":"半顺",
  "Mixed":"杂六",
  "Stud":"梭哈",
  "High Card":"单牌",
  "One Pair":"一对",
  "Two Pair":"",
  "Four of a Kind":"四条",
  "Gourd":"葫芦",
  "Streak":"顺子",
  "Three of a Kind":"三条",
  "Recent Draw":"近期开奖",
  "Any Place Group":"任何地點組",
  "B/S/O/E Group":"前二大小单双组合",
  "Big/Small":"十位",
  "Odd/Even":"个位",
  "S":"小",
  "E":"双",
  "O":"单",
  "B":"大",
  "All 5 Sum":"",
  "First3form":"前三和值",
  "Mid3Form":"中三和值",
  "Last3form":"后三和值",
  "":"",
  "":"",
  "":""

}