

{
    
    
    this is not complete
    "Draw":"期号",
    "Winning No.":"开奖号码",
    "Ball1":"正1",
    "Ball2":"正2",
    "Ball3":"正3",
    "Ball4":"正4",
    "Extra":"特码",
    "Ball5":"正5",
    "Ball6":"正6",
    "Head":"头数",
    "Tail":"尾数",
    "5 Element":"五行",
    "Big/Small":"大小",
    "Odd/Even":"单双",
    "Sum":"和值",
    "Big Even":"大双",
    "Big Odd":"大单",
    "Small Even":"小双",
    "Small Odd":"小单",
    "Tie":"領帶",
    "Form":"形态",
    "S/G":"天地",
    "F/L":"前后",
    "P/B":"家野",
    "Color":"色波",
    "Red":"红",
    "Green":"绿",
    "Blue":"蓝",
    "Zodiac No.":"生肖編號",
    "Recent Draw":"近期开奖",
    "Dragon":"长龙",
    "Trend":"好路",
    "Recent bet":"近期投注",
    "":"",
    "":"",
    "":"",
    "":"",
    "":"",
    "":"",
    "":"",
    "":"",
    "":"",
    "":"",
    "":"",
    "":"",
    "":"",
    "":"",
    "":"",
    "":"",
    "":"",
    "":"",
    "":"",
    "":"",
    "":"",
    "":"",
    "":"",
    "":"",
    "":"",
    "":"",
    "":"",
    "":"",
    "":"",
    "":"",
    "":"",
    "":"",
    "":"",
    "":"",
    "":"" 
}