{
  
  "Draw":"期号",
  "Winning No.":"开奖号码",
  "1V10":"",
  "2V9":"",
  "3V8":"",

  "4V7":"",
  "5V6":"",
  "T":"虎",
  "D":"龙",
  "1st":"冠军",
  "2nd":"亚军",
  "3rd":"第三名",
  "4th":"第四名",
  "5th":"第五名",
  "Big Even":"大双",
  "Small Even":"小双",
  "Small Odd":"小单",
  "Big Odd":"大单",
  "Sum":"和值",
  "Recent Draw":"近期开奖",
  "Dragon":"长龙",
  "Trend":"好路",
  "Recent bet":"近期投注",
  "B/S":"大小",
  "O/E":"单双",
  "S":"小",
  "B":"大",
  "E":"双",
  "O":"单",
  "Top Two":"冠亚",


  "":""

}