{

    "Bull Big":"gros taureau",
    "Bull Odd":"taureau étrange",
    "Bull Small":"Taureau Petit",
    "Bull Even":"Taureau même",
    "Maximum Value":"Valeur maximale",   
  "Minimum Value":"Valeur minimale",
  "Dragon":"Dragonne",
  "Tiger":"tigre",
  "Tie":"cravate",

  "Ball 1":"Balle 1",
  "Ball 2":"Balle 2",
  "Ball 3":"Balle 3",
  "Ball 4":"Balle 4",
  "Ball 5":"Balle 5",
  "ball 1":"balle 1",
  "ball 2":"balle 2",



  "ball 3":"balle 3",
  "ball 4":"balle 4",
  "ball 5":"balle 5",
  "Bull 1":"Taureau 1",
  "Bull 2":"Taureau 2",
  "Bull 3":"Taureau 3",
  "Bull 4":"Taureau 4",
  "Bull 5":"Taureau 5",
  "Bull 6":"Taureau 6",
  "Bull 7":"Taureau 7",
  "Bull 8":"Taureau 8",
  "Bull 9":"Taureau 9",
  "Bull Bull":"Taureau Taureau",
  "No Bull":"Pas de taureau",
  "Bull Game":"Jeu de taureau",
  "Tiger Game":"Jeu du Tigre"
 

}