{

       
  "Bull Game":"Jeu de taureau",
  "First Three":"Les trois premiers",
  "Middle Three":"Troisième partie du milieu",
  "Last Three":"Les trois derniers",
  "First Two":"Les deux premiers",
  "Odd Odd":"Étrange Étrange",
  "Odd Even":"Pair impair",
  "Even Odd":"Pair impair",
  "Even Even":"Même Même",
  "Quintuple":"Quintuple",
  "Quadruple":"Quintuple",
  "A Pair":"Une paire",
  "Triple Pair":"Triple Pair",
  "Streak":"Traînée",
  "T.O.A.K":"T.O.A.K",
  "Two Pairs":"Deux paires",
  "Loose Cards":"Cartes en vrac",
  "Half Streak":"Demi-série",
  "":"",
  "":"",
  "":"",
  "":"",
  "":"",
  "":"",
  "":"",
  "":"",
  "":"",
  "":"",
  "":""
}