

{

    
"High Range": "Phạm vi cao",
    "First 5": "5 số đầu tiên",
    "Last 5": "5 số cuối",
    "Max Value (First 5)": "Giá trị lớn nhất (5 số đầu tiên)",
    "Min Value (Last 5)": "Giá trị nhỏ nhất (5 số cuối)",
    "Guess The Number 1": "Đoán số 1",
    "Guess First Winner": "Đoán người chiến thắng đầu tiên",
    "01": "01",
    "02": "02",
    "03": "03",
    "04": "04",
    "05": "05",
    "06": "06",
    "07": "07",
    "08": "08",
    "09": "09",
    "10": "10",
    "BALL 1": "BÓNG 1",
    "BALL 2": "BÓNG 2",
    "BALL 3": "BÓNG 3",
    "BALL 4": "BÓNG 4",
    "BALL 5": "BÓNG 5",
    "BALL 6": "BÓNG 6",
    "BALL 7": "BÓNG 7",
    "BALL 8": "BÓNG 8",
    "BALL 9": "BÓNG 9",
    "BALL 10": "BÓNG 10",
    "First 5 (First 5 > Last 5)": "5 số đầu tiên (5 số đầu tiên > 5 số cuối)",
    "LAST 5 (Last 5 contains 01)": "5 số cuối (5 số cuối chứa 01)",
    "(First 5 > Last 5)": "(5 số đầu tiên > 5 số cuối)",
    "(Last 5 > First 5)": "(5 số cuối > 5 số đầu tiên)",
    "FIRST 5": "5 SỐ ĐẦU TIÊN",
    "LAST 5": "5 SỐ CUỐI",
    "(First 5 contains 01)": "(5 số đầu tiên chứa 01)",
    "(Last 5 contains 01)": "(5 số cuối chứa 01)",
    "":"",
    "":"",
    "":""
  }