{
  

  "All 3": "全部 3",
  "First-2 No.": "前 2 名",
  "Last-2 No.": "最後-2 號",
  "Dragon/Tiger/Tie": "龍/老虎/領帶",
  "2sides": "2面",
  "Fixed Place Combo": "固定位置組合",
  "Sum": "和",
  "Form": "形式",
  "Lack": "缺少",
  "Lack mark": "缺註",
  "Line chart": "折線圖",
  "Cold/Hot No.": "冷/熱 否",
  "Last 30 draws": "最後 30 次抽獎",
  "Last 50 draws": "最後 50 次抽獎",
  "Last 100 draws": "最後 100 次抽獎",
  "": "",
  "": "",
  "": "",
  "": "",
  "": "",
  "": "",
  "": "",
  "": "",
  "": "",
  "": ""
}
