{
  
  "Guess rank": "猜排名",
  "Dragon/Tiger": "龍/老虎",
  "B/S/O/E": "B/S/O/E",
  "Sum": "和",
  "2sides": "2面",
  "Lack": "缺少",
  "Lack mark": "缺註",
  "Line chart": "折線圖",
  "Cold/Hot No.": "冷/熱編號",
  "Last 30 draws": "最後 30 次抽獎",
  "Last 50 draws": "最後 50 次抽獎",
  "Last 100 draws": "最後 100 次抽獎",
  "": "",
  "": "",
  "": "",
  "": "",
  "": "",
  "": "",
  "": "",
  "": "",
  "": "",
  "": "",
  "": "",
  "": "",
  "": "",
  "": ""
}
