{
"Bull Big": "Bò Lớn",
  "Bull Odd": "Bò Lẻ",
  "Bull Small": "Bò Nhỏ",
  "Bull Even": "Bò Chẵn",
  "Maximum Value": "Giá Trị Tối Đa",
  "Minimum Value": "Giá Trị Tối Thiểu",
  "Dragon": "Rồng",
  "Tiger": "Hổ",
  "Tie": "Hòa",
  "Ball 1": "Quả Cầu 1",
  "Ball 2": "Quả Cầu 2",
  "Ball 3": "Quả Cầu 3",
  "Ball 4": "Quả Cầu 4",
  "Ball 5": "Quả Cầu 5",
  "ball 1": "quả cầu 1",
  "ball 2": "quả cầu 2",
  "ball 3": "quả cầu 3",
  "ball 4": "quả cầu 4",
  "ball 5": "quả cầu 5",
  "Bull 1": "Bò 1",
  "Bull 2": "Bò 2",
  "Bull 3": "Bò 3",
  "Bull 4": "Bò 4",
  "Bull 5": "Bò 5",
  "Bull 6": "Bò 6",
  "Bull 7": "Bò 7",
  "Bull 8": "Bò 8",
  "Bull 9": "Bò 9",
  "Bull Bull": "Bò Bò",
  "No Bull": "Không Bò",
  "Bull Game": "Trò Chơi Bò",
  "Tiger Game": "Trò Chơi Hổ"
 

}