{

   "Bull Game": "Trò Chơi Bò",
  "First Three": "Ba Số Đầu Tiên",
  "Middle Three": "Ba Số Giữa",
  "Last Three": "Ba Số Cuối",
  "First Two": "Hai Số Đầu Tiên",
  "Odd Odd": "Lẻ Lẻ",
  "Odd Even": "Lẻ Chẵn",
  "Even Odd": "Chẵn Lẻ",
  "Even Even": "Chẵn Chẵn",
  "Quintuple": "Năm Lần",
  "Quadruple": "Bốn Lần",
  "A Pair": "Một Cặp",
  "Triple Pair": "Ba Cặp",
  "Streak": "Chuỗi",
  "T.O.A.K": "T.O.A.K",
  "Two Pairs": "Hai Cặp",
  "Loose Cards": "Thẻ Lỏng",
  "Half Streak": "Chuỗi Nửa",
  "":"",
  "":"",
  "":"",
  "":"",
  "":"",
  "":"",
  "":"",
  "":"",
  "":"",
  "":"",
  "":""
}