

{


  "Big": "Groß",
  "Tie": "Unentschieden",
  "Small": "Klein",
  "Upper Range": "Oberer Bereich",
  "Tie Range": "Unentschieden Bereich",
  "Lower Range": "Unterer Bereich",
  "Odd Range": "Ungerader Bereich",
  "Tie Plate": "Unentschieden Platte",
  "Even Range": "Gerader Bereich",
  "Sum Odd": "Summe Ungerade",
  "Sum Even": "Summe Gerade",
  "Big Odd": "Groß Ungerade",
  "Small Odd": "Klein Ungerade",
  "Big Even": "Groß Gerade",
  "Small Even": "Klein Gerade",
  "Gold": "Gold",
  "Wood": "Holz",
  "Water": "Wasser",
  "Fire": "Feuer",
  "Earth": "Erde",
  "": "",
  "": ""
  
    
  }