

{




    "Big":"大",
    "Tie":"和",
    "Small":"小",
    "Upper Range":"上",
    "Tie Range":"中",
    "Lower Range":"下",
    "Odd Range":"奇",
    "Tie Plate":"和",
    "Even Range":"偶",
    "Sum Odd":"单",
    "Sum Even":"双",
    "Big Odd":"大/单",
    "Small Odd":"小/单",
    "Big Even":"大/双",
    "Small Even":"小/双",
    "Gold":"金",
    "Wood":"木",
    "Water":"水",
    "Fire":"火",
    "Earth":"土",
    "":"",
    "":""
   
  
    
  }