{
  "Bull Big": "Bò Lớn",
  "Bull Odd": "Bò Lẻ",
  "Bull 1": "Bò 1",
  "Bull 2": "Bò 2",
  "Bull 3": "Bò 3",
  "Bull 4": "Bò 4",
  "Bull 5": "Bò 5",
  "Bull 6": "Bò 6",
  "Bull 7": "Bò 7",
  "Bull 8": "Bò 8",
  "Bull 9": "Bò 9",
  "Bull Bull": "Bò Bò",
  "No Bull": "Không Bò",
  "Max Value": "Giá Trị Tối Đa",
  "Min Value": "Giá Trị Tối Thiểu",
  "Ball 1": "Bóng 1",
  "Ball 2": "Bóng 2",
  "Ball 3": "Bóng 3",
  "Ball 4": "Bóng 4",
  "Ball 5": "Bóng 5",
  "ball 1": "bóng 1",
  "ball 2": "bóng 2",
  "ball 3": "bóng 3",
  "ball 4": "bóng 4",
  "ball 5": "bóng 5",
  "Tiger": "Hổ",
  "Dragon": "Rồng",
  "Bull Game": "Trò Chơi Bò",
  "Dragon Tiger": "Rồng Hổ",
  "Bull Small": "Bò Nhỏ",
  "Bull Even": "Bò Chẵn",
  "Range plate": "Phạm Vi",
  "Odd Even plate": "Bảng Lẻ Chẵn",
  "Odd Numbers": "Số Lẻ",
  "Guess Middle Value": "Đoán Giá Trị Giữa",
  "Even Numbers": "Số Chẵn",
  "First Range": "Phạm Vi Đầu",
  "Last Range": "Phạm Vi Cuối",
  "Tie/Draw": "Hòa"
}
