{
    
   
    "Form": "表格",
   "Big/Small": "大/小",
   "Odd/Even": "奇/偶",
   "More First/Last": "更多第一/最后",
   "More Odd/Even": "更多奇/偶",
   "More First": "更多第一",
   "More Last": "更多最后",
   "More Odd": "更多奇数",
   "More Even": "更多偶数",
   "Sum Big/Small": "总和大/小",
   "Sum Odd/Even": "总和奇/偶",
   "Sum More First/Last": "总和更多第一/最后",
   "Sum More Odd/Even": "总和更多奇/偶",
   "Odd": "奇数",
   "Even": "偶数",
   "Small": "小",
   "Big": "大",
   "B,O,D,P": "B,O,D,P",
   "S,E,T,C": "S,E,T,C",
   "First": "第一",
   "Last": "最后",

     "B":"大",
     "S":"小",
     "O":"奇数",  
     "E":"偶数",
     "F":"第一",
     "L":"最后", 
      "T":"T",
     "":"",
     "":"",
     "":"",
     "":"",
     "":"",
     "":"",
     "":"",
     "":"",
      "":""
}