{


    "Type": "类型",
    "Selections": "选择",
    "Amount": "金额",
    "Profit": "",
    "3rd Big/Small": "第 3 大/小号",
    "Sum Odd/Even": "",
    "Sum Big/Small": "奇数/偶数总和",
    "Sum Dragon/Tiger/Tie": "大/小和",
    "Dragon": "龙",
    "Tiger": "虎",
    "Tie": "和",
    "Prime": "质数",
    "Composite": "合数",
    "1st Big/Small": "第一个大/小",

    "Big": "大",
    "Small": "小",
    "1st Odd/Even": "第一个奇/偶",
    "Odd": "奇",
    "Even": "偶",
    "1st Dragon/Tiger/Tie": "第一个龙/虎/和",
    "1st P/C": " 第一 P/C",
    "2nd P/C": " 第二 P/C",
    "2nd Big/Small": "第二 大/小",
    "2nd Odd/Even": "第二 奇数/偶数",
    "2nd Dragon/Tiger/Tie": "第二 龙虎和",
    "3rd Odd/Even": "3rd Odd/Even | 第三 奇数/偶数",
    "3rd Dragon/Tiger/Tie": "第三 龙虎和",
    "4th P/C": "第四 P/C",
    "4th Dragon/Tiger/Tie": "第四 龙虎和",
    "4th Odd/Even": "第四 奇数/偶数",
    "4th Big/Small": "第四 大/小",
    "5th P/C": "第五 P/C",
    "5th Dragon/Tiger/Tie": "第五 龙虎和",
    "5th Odd/Even": "第五 奇数/偶数",
    "5th Big/Small": " 第五 大/小",
    "Sum of Top Two Big/Small": "前两个大/小之和",
    "Sum of Top Two Dragon/Tiger": "前两个龙虎之和",
    "Sum of Top Two Odd/Even": "前两个奇数/偶数之和",
"1st Dragon/Tiger": "第一龙/虎",
  "2nd Dragon/Tiger": "第二龙/虎",
  "3rd Dragon/Tiger": "第三龙/虎",
  "4th Dragon/Tiger": "第四龙/虎",
  "5th Dragon/Tiger": "第五龙/虎",
  "6th Odd/Even": "第六单/双",
  "6th Big/Small": "第六大/小",
  "6th Dragon/Tiger": "第六龙/虎",
  "7th Dragon/Tiger": "第七龙/虎",
  "7th Odd/Even": "第七单/双",
  "7th Big/Small": "第七大/小",
  "8th Big/Small": "第八大/小",
  "8th Odd/Even": "第八单/双",
  "8th Dragon/Tiger": "第八龙/虎",
  "9th Odd/Even": "第九单/双",
  "9th Big/Small": "第九大/小",
  "10th Big/Small": "第十大/小",
"10th Odd/Even": "第十偶数/奇数",
  "10th Dragon/Tiger": "第十龙/虎",
  "1st B/S Sum": "第一大/小和",
  "1st O/E Sum": "第一偶数/奇数和",
  "1st B/S Tail Sum": "第一大/小尾和",
  "1st P/C Tail Sum": "第一质/合尾和",
  "2nd B/S Sum": "第二大/小和",
  "2nd O/E Sum": "第二偶数/奇数和",
  "2nd B/S Tail Sum": "第二大/小尾和",
  "2nd P/C Tail Sum": "第二质/合尾和",
  "3rd B/S Sum": "第三大/小和",
  "3rd O/E Sum": "第三偶数/奇数和",
  "3rd B/S Tail Sum": "第三大/小尾和",
  "3rd P/C Tail Sum": "第三质/合尾和",
  "1st/2nd Big/Small": "第一/第二大/小",
  "1st/2nd Odd/Even": "第一/第二偶数/奇数",
"1st/2nd P/C":"第一/第二 P/C",
"1st/2nd B/S Sum":"1/2 B/S 总和",
"1st/2nd O/E Sum":"第一/第二 O/E 总和",
"1st/2nd B/S Tail Sum":"第一个/第二个 B/S 尾数",
"1st/2nd P/C Tail Sum":"第一/第二 P/C 尾数",
"1st/3rd Big/Small":"第一/第三大/小",
"1st/3rd Odd/Even":"第一/第三奇数/偶数",
"1st/3rd P/C":"第一/第三 P/C",
"1st/3rd B/S Sum ":"第一/第三 B/S 总和",
"1st/3rd O/E Sum":"第 1/3 次 O/E 总和",
"1st/3rd B/S Tail Sum":"第一/第三 B/S 尾数",
"1st/3rd P/C Tail Sum":"第一/第三 P/C 尾数",
"2nd/3rd Big/Small":"第二/第三大/小",
"2nd/3rd Odd/Even":"第二/第三奇数/偶数",
"2nd/3rd P/C":"第二/第三 P/C",
"2nd/3rd B/S Sum":"第二/第三 B/S 总和",
"2nd/3rd O/E Sum":"第二/第三次 O/E 总和",
"2nd/3rd B/S Tail Sum":"第二/第三 B/S 尾数",
"2nd/3rd P/C Tail Sum":"第二/第三 P/C 尾数",
"1st/2nd/3rd Big/Small": "第一/第二/第三",
  "1st/2nd/3rd Odd/Even":"第一/第二/第三 大/小",
  "1st/2nd/3rd P/C": "第一/第二/第三P/C",
  "1st/2nd/3rd B/S Sum": "第一/第二/第三 B/S 总和",
  "1st/2nd/3rd O/E Sum": "第一/第二/第三 O/E 总和",
  "1st/2nd/3rd B/S Tail Sum": "第一/第二/第三 B/S 尾数",
  "1st/2nd/3rd P/C Tail Sum": "第一/第二/第三 P/C 尾数",
"Extra No. Big/Small": "额外号码 大/小",
  "Extra No. Odd/Even": "额外号码 单/双",
  "Extra No. B/S Sum": "额外号码 B/S 总和",
  "Extra No. O/E Sum": "额外编号 O/E 总和",
  "Extra No. Sky/Ground": "额外号码 天空/地面",
  "Extra No. First/Last": "附加编号 首/末",
  "Extra No. Poultry/Beast": "额外编号 家禽/野兽",
  "Extra No. Tail B/S": "附加号尾 B/S",
  "Extra No. Big/Small(No Tie)": "加大/加小号（无领带）",
  "Ball 1 Big/Small": "球 1 大/小",
"Ball 1 Odd/Even": "第 1 球 奇数/偶数",
  "Ball 1 B/S Sum": "球 1 B/S 总和",
  "Ball 1 O/E Sum": "1 号球 O/E 总和",
  "Ball 1 Sky/Ground": "球 1 天空/地面",
  "Ball 1 First/Last": "1 号球 首轮/末轮",
  "Ball 1 Poultry/Beast": "球 1 家禽/野兽",
  "Ball 1 Tail B/S": "球 1 尾 B/S",
  "Ball 1 Big/Small(No Tie)": "球 1 大/小(无平局)",
  "Ball 2 Big/Small": "球 1 大/小(无平局)",
  "Ball 2 Odd/Even": "第 2 球 奇数/偶数",
"Ball 2 B/S Sum": "球 2 B/S 总和",
  "Ball 2 O/E Sum": "球 2 O/E 总和",
  "Ball 2 Sky/Ground": "球 2 天空/地面",
  "Ball 2 First/Last": "2 号球 首轮/末轮",
  "Ball 2 Poultry/Beast":"球 2 家禽/野兽",
  "Ball 2 Tail B/S": "球 2 尾 B/S",
  "Ball 2 Big/Small(No Tie)": "球 2 大/小(无平局)",
  "Ball 3 Big/Small": "3号球大/小",
  "Ball 3 Odd/Even": "第 3 球 奇数/偶数",
  "Ball 3 B/S Sum": "球 3 B/s 总和",
  "Ball 3 O/E Sum": "3 号球 O/E 总和",
  "Ball 3 Sky/Ground": "球 3 天空/地面",
"Ball 3 First/Last":"3 球 首轮/末轮",
"Ball 3 Poultry/Beast":"球 3 家禽/野兽",
"Ball 3 Tail B/S":"球 3 尾 B/S",
"Ball 3 Big/Small(No Tie)":"球 3 大/小(无平局)",
"First":"第一的",
"Last":"最后的",
"Poultry":"家禽",
"Beast":"兽",
"Sky":"天空",
"Ground":"地面",
"Tail":"尾巴",
"Big(No Tie)":"大（无领带）",
"Small(No Tie)":"小号（无领带）",
"Ball 4 Big/Small":"4 大/小球",
"Ball 4 Odd/Even":"第四球 奇数/偶数",
"Ball 4 B/S Sum":"球 4 B/S 总和",
"Ball 4 O/E Sum":"4 号球 O/E 总和",
"Ball 4 Sky/Ground":"球 4 天空/地面",
"Ball 4 First/Last":"4 球 首轮/末轮",
"Ball 4 Poultry/Beast":"球 4 家禽/野兽",
"Ball 4 Tail B/S":"球 4 尾 B/S",
"Ball 4 Big/Small(No Tie)":"球 4 大/小(无平局)",
"Ball 5 Big/Small":"球 5 大/小",
"Ball 5 Odd/Even":"第 5 球 奇数/偶数",
"Ball 5 B/S Sum":"球 5 B/S 总和",
"Ball 5 O/E Sum":"第 5 球 O/E 总和",
"Ball 5 Sky/Ground":"球 5 天空/地面",
"Ball 5 First/Last":"5 球 首轮/末轮",
"Ball 5 Poultry/Beast":"球 5 家禽/野兽",
"Ball 5 Tail B/S":"球 5 尾 B/S",
"Ball 5 Big/Small(No Tie)":"球 5 大/小(无平局)",
"Ball 6 Big/Small":"球 6 大/小",
"Ball 6 Odd/Even":"6 号球 单/双",
"Ball 6 B/S Sum":"球 6 B/S 总和",
"Ball 6 O/E Sum":"6 号球 O/E 总和",
"Ball 6 Sky/Ground":"球 6 天空/地面",
"Ball 6 First/Last":"6 号球 首轮/末轮",
"Ball 6 Poultry/Beast":"球 6 家禽/野兽",
"Ball 6 Tail B/S":"球 6 尾 B/S",
"Ball 6 Big/Small(No Tie)":"球 6 大/小(无平局)",
"Sum B/S Sum":"总和 B/S 总和",
"Sum O/E Sum":"总计 O/E 总计",
"Sum Sky/Ground":"天空/地面总和",
"Sum First/Last":"第一个/最后一个总计",
"Sum Poultry/Beast":"家禽/动物",
"Sum Tail B/S":"尾部 B/S",
"Sum Big/Small(No Tie)":"总和大/小（无平局）",
"Zodiac No. Big/Small":"生肖号 大/小",
"Zodiac No. Odd/Even":"十二生肖号码 单/双",
"Zodiac No. B/S Sum":"十二生肖号 B/S 总和",
"Zodiac No. O/E Sum":"十二生肖编号 O/E 总和",
"Zodiac No. Sky/Ground":"Zodiac No. 天空/地面",
"Zodiac No. First/Last":"十二生肖编号 名/姓",
"Zodiac No. Poultry/Beast":"生肖号 禽兽",
"Zodiac No. Tail B/S":"十二生肖号尾 B/S",
"Zodiac No. Big/Small(No Tie)":"",
"More First":"星座号码 大/小（无限制）",
"More Last":"更多优先",
"More Odd":"更奇怪的是",
"More Even":"更加均匀",
"Sum More First/Last":"总计更多第一个/最后一个",
"Sum More Odd/Even":"奇偶数相加",
"":"",
"":"",
"":"",
"":"",
"":"",
"":""

}