{

  
    "Form": "形式",
    "Big/Small": "大/小",
    "Odd/Even": "单/双",
    "Dragon/Tiger": "龙虎",
    "Small Road": "小路",
    "B,O,D,P": "B,O,D,P",
    "S,E,T,C": "S,E,T,C",
    "1st Big/Small": "第一大/小",
    "1st Odd/Even": "第一单/双",
    "1st Dragon/Tiger": "第一龙虎",
    "2nd Big/Small": "第二大/小",
    "2nd Odd/Even": "第二单/双",
    "2nd Dragon/Tiger": "第二龙虎",
    
    "3rd Big/Small": "第三大/小",
   "3rd Odd/Even": "第三单/双",
   "3rd Dragon/Tiger": "第三龙/虎",
   "4th Big/Small": "第四大/小",
   "4th Odd/Even": "第四单/双",
   "4th Dragon/Tiger": "第四龙/虎",
   "5th Big/Small": "第五大/小",
   "5th Odd/Even": "第五单/双",
   "5th Dragon/Tiger": "第五龙/虎",
   "Sum Big/Small": "总和大/小",
   "Sum Odd/Even": "总和单/双",
   "Sum Dragon/Tiger": "总和龙/虎",
    "":"",  
    "":"",
    "":"",   
    "":"",
    "":"",   
    "":"",
    "":"",   
    "":"",
    "":"",    
    "":"",
    "":"",   
    "":"",
    "":"",  
    "":"",
    "":"",   
    "":"",
    "":"",   
    "":"",
    "":"",   
    "":"",
    "":"",    
    "":"",
    "":"", 
    "":"",
    "":"",  
    "":"",
    "":"",
    "":""
}