{
    
   
  "1st": "第一",
  "2nd": "第二",
  "3rd": "第三",
  "1st/2nd": "第一/第二",
  "1st/3rd": "第一/第三",
  "2nd/3rd": "第二/第三",
  "1st/2nd/3rd": "第一/第二/第三",
  "B,O,D,P": "大,单,龙,对",
  "S,E,T,C": "小,双,虎,叉",
  "Place": "位置",
  "Form": "形式",
  "Big/Small": "大小",
  "Odd/Even": "单/双",

  "P/C": "P/C",
   "B/S Sum": "B/S 总和",
   "O/E Sum": "O/E 总和",
   "B/S Tail Sum": "B/S 尾数总和",
   "P/C Tail Sum": "P/C 尾数总和",
   "1st Big/Small": "第一大/小",
   "1st Odd/Even": "第一单/双",
   "1st P/C": "第一 P/C",
   "1st B/S Sum": "第一 B/S 总和",
   "1st O/E Sum": "第一 O/E 总和",
   "1st B/S Tail Sum": "第一 B/S 尾数总和",
   "1st P/C Tail Sum": "第一 P/C 尾数总和",
   "2nd Big/Small": "第二大/小",
   "2nd Odd/Even": "第二单/双",

   "2nd P/C": "第二局 大/小",
   "2nd B/S Sum": "第二局 大小 和",
   "2nd O/E Sum": "第二局 单双 和",
   "2nd B/S Tail Sum": "第二局 大小 尾 和",
   "2nd P/C Tail Sum": "第二局 大/小 尾 和",
   "3rd Big/Small": "第三局 大/小",
   "3rd Odd/Even": "第三局 单/双",
   "3rd P/C": "第三局 大/小",
   "3rd B/S Sum": "第三局 大小 和",
   "3rd O/E Sum": "第三局 单双 和",
   "1st/2nd Big/Small": "第一/二局 大/小",
   "1st/2nd Odd/Even": "第一/二局 单/双",
   "1st/2nd P/C": "1st/2nd 庄/闲",
   "1st/2nd B/S Sum": "1st/2nd 大/小 总和",
   "1st/2ndO/E Sum": "1st/2nd 单/双 总和",
   "1st/2nd B/S Tail Sum": "1st/2nd 大/小 尾数总和",
   "1st/2nd P/C Tail Sum": "1st/2nd 庄/闲 尾数总和",
   "1st/3rd Big/Small": "1st/3rd 大/小",
   "1st/3rdOdd/Even": "1st/3rd 单/双",
   "1st/3rdP/C": "1st/3rd 庄/闲",
   "1st/3rdB/S Sum": "1st/3rd 大/小 总和",
   "1st/3rdO/E Sum": "1st/3rd 单/双 总和",
   "1st/3rdB/S Tail Sum": "1st/3rd 大/小 尾数总和",
   "1st/3rdP/C Tail Sum": "1st/3rd 庄/闲 尾数总和",
   "2nd/3rd Big/Small": "2nd/3rd 大/小",

"2nd/3rd Odd/Even": "第二/第三 单/双",
   "2nd/3rd P/C": "第二/第三 质/合",
   "2nd/3rd B/S Sum": "第二/第三 大/小 和值",
   "2nd/3rd O/E Sum": "第二/第三 单/双 和值",
   "2nd/3rd B/S Tail Sum": "第二/第三 大/小 尾和",
   "2nd/3rd P/C Tail Sum": "第二/第三 质/合 尾和",
   "1st/2nd/3rd Big/Small": "第一/第二/第三 大/小",
   "1st/2nd/3rd Odd/Even": "第一/第二/第三 单/双",
   "1st/2nd/3rdP/C": "第一/第二/第三 质/合",
   "1st/2nd/3rd B/S Sum": "第一/第二/第三 大/小 和值",
   "1st/2nd/3rd O/E Sum": "第一/第二/第三 单/双 和值",
   "1st/2nd/3rd B/S Tail Sum": "第一/第二/第三 大/小 尾和",
   "1st/2nd/3rd P/C Tail Sum": "第一/第二/第三 质/合 尾和",
   "All": "全部",
   "Clear": "清除",
     "":"",
     "":"",
     "":"",
     "":"",
     "":"",
     "":"",
     "":"",
     "":"",
     "":"",
     "":""
}