{
    
   
     "Form": "表格",
     "Place": "位置",
     "1st": "第一",
     "2nd": "第二",
     "3rd": "第三",
     "4th": "第四",
     "5th": "第五",
     "Sum": "总和",
     "Big": "大",
     "Small": "小",
     "Odd": "单",
     "Even": "双",
     "All": "全部",
    "Dragon": "龙",
   "Tiger": "虎",
   "Tie": "和局",
     "P/C":"质数/合数",
  "Prime": "质数",
   "Composite": "合数",
   "Clear": "清除",
   "B,O,D,P": "B,O,D,P",
   "S,E,T,C": "S,E,T,C",
   "Big/Small": "大/小",
     "B":"大",
     "S":"小",
     "O":"单",
     "E":"双",
     "Odd/Even":"单/双",
     "Small Road":"",
     "Sum Odd/Even":"",
     "C":"合数",
     "P":"质数",
     "D":"龙",
     "T":"虎",
   "Sum Big/Small": "总和 大/小",
   "Sum Dragon/Tiger/Tie": "总和 龙/虎/和",
   "Dragon/Tiger/Tie": "龙/虎/和",
   "1st Odd/Even": "第1 奇/偶",
   "1st Big/Small": "第1 大/小",
   "3rd Big/Small": "第3 大/小",
  "2nd Big/Small": "第二大/小",
   "2nd Odd/Even": "第二奇/偶",
   "2nd P/C": "第二P/C",
   "1st P/C": "第一P/C",
   "3rd P/C": "第三P/C",
   "3rd Odd/Even": "第三个 奇数/偶数",
   "4th Big/Small": "第四个 大/小",
   "4th Odd/Even": "第四个 奇数/偶数",
   "4th P/C": "第四个 P/C",
   "5th P/C": "第五个 P/C",
   "5th Big/Small": "第五个 大/小",
   "5th Odd/Even": "第五个 奇数/偶数",
     "":"",
     "":"",
     "":"",
     "":""
}