{
    
 
  "Big/Small": "大/小",
   "Small": "小",
   "Big": "大",
   "Form": "表格",
   "Sum": "总计",
   "B,O,D,P": "B,O,D,P",
   "S,E,T,C": "S,E,T,C",
   "Place": "地点",
   "Small Road": "小路",
   "All": "全部",
   "Clear": "清除",
   "Sum Big/Small": "总和 大/小",
     "B":"大",
     "S":"小",
     "O":"奇",
     "E":"偶",
     "":"",
     "":"",
     "":"",
     "":"",
     "":"",
     "":"",
     "":"",
     "":"",
     "":"",
     "":"",
     "":"",
     "":"",
      "":""
}