{
    
  "All": "全部",
  "Clear": "清除",
  "Place": "下注",
  "Form": "形式",
  "Big/Small": "大/小",
  "Extra No.Big/Small": "特别号大/小",
  "Odd/Even": "单/双",
  "Extra No.": "特别号",
  "Extra No. Odd/Even": "特别号单/双",
  "Extra No. B/S Sum": "特别号大/小和值",
  "Extra No. O/E Sum": "特别号单/双和值",
  "Extra No. Sky/Ground": "特别号天/地",
  "Extra No. First/Last": "特别号前/后",
  "Extra No.Poultry/Beast": "特别号家禽/野兽",
  "B/S Sum": "大/小和值",
  "O/E Sum": "单/双和值",
  "Sky/Ground": "天/地",
  "First/Last": "前/后",

  "Poultry/Beast": "家禽/野兽",
  "Extra No. Tail B/S": "额外号码 尾大/小",
  "Tail B/S": "尾大/小",
  "Big/Small(No Tie)": "大/小（无和局）",
  "Ball 1 Big/Small": "第1球 大/小",
  "Ball 1": "第1球",
  "Ball 2": "第2球",
  "Ball 3": "第3球",
  "Ball 4": "第4球",
  "Ball 5": "第5球",
  "Ball 6": "第6球",
  "Sum": "总和",

"Ball 1 Odd/Even": "球 1 单/双",
   "Ball 1 B/S Sum": "球 1 大/小 和值",
   "Ball 1 O/E Sum": "球 1 单/双 和值",
   "Ball 1 Sky/Ground": "球 1 天/地",
   "Ball 1 First/Last": "球 1 头/尾",
   "Ball 1 Poultry/Beast": "球 1 家禽/野兽",
   "Ball 1 Tail B/S": "球 1 尾 大/小",
   "Ball 1 Big/Small(No Tie)": "球 1 大/小 (无和局)",
   "Ball 2 Big/Small": "球 2 大/小",
   "Ball 2 Odd/Even": "球 2 单/双",
"Ball 2 B/S Sum": "球 2 大/小 和值",
   "Ball 2 O/E Sum": "球 2 单/双 和值",
   "Ball 2 Sky/Ground": "球 2 天/地",
   "Ball 2 First/Last": "球 2 头/尾",
   "Ball 2 Poultry/Beast": "球 2 家禽/野兽",
   "Ball 2 Tail B/S": "球 2 尾数 大/小",
   "Ball 2 Big/Small(No Tie)": "球 2 大/小（无和局）",
   "Ball 3 Odd/Even": "球 3 单/双",
   "Ball 3 Big/Small": "球 3 大/小",
   "Ball 3 B/S Sum": "球 3 大/小 和值",
   "Ball 3 O/E Sum": "球 3 单/双 和值",
   "Ball 3 Sky/Ground": "球 3 天/地",

   "Ball 3 First/Last": "球 3 头/尾",
   "Ball 3 Poultry/Beast": "球 3 家禽/野兽",
   "Ball 3 Tail B/S": "球 3 尾 大/小",
   "Ball 3 Big/Small(No Tie)": "球 3 大/小（无和）",
   "Ball 4 Odd/Even": "球 4 单/双",
   "Ball 4 Big/Small": "球 4 大/小",
   "Ball 4 B/S Sum": "球 4 大/小 总和",
   "Ball 4 O/E Sum": "球 4 单/双 总和",
   "Ball 4 Sky/Ground": "球 4 天/地",
   "Ball 4 First/Last": "球 4 头/尾",
   "Ball 4 Poultry/Beast": "球 4 家禽/野兽",
   "Ball 4 Tail B/S": "球 4 尾 大/小",
   "Ball 4 Big/Small(No Tie)": "球 4 大/小（无和）",

"Ball 5 Odd/Even": "球5 单/双",
   "Ball 5 Big/Small": "球5 大/小",
   "Ball 5 B/S Sum": "球5 大小和",
   "Ball 5 O/E Sum": "球5 单双和",
   "Ball 5 Sky/Ground": "球5 天/地",
   "Ball 5 First/Last": "球5 前/后",
   "Ball 5 Poultry/Beast": "球5 家禽/野兽",
   "Ball 5 Tail B/S": "球5 尾大/小",
   "Ball 5 Big/Small(No Tie)": "球5 大/小 (无和)",
   "Ball 6 Odd/Even": "球6 单/双",
   "Ball 6 Big/Small": "球6 大/小",

"Ball 6 B/S Sum": "第6球 大/小 总和",
   "Ball 6 O/E Sum": "第6球 单/双 总和",
   "Ball 6 Sky/Ground": "第6球 天/地",
   "Ball 6 First/Last": "第6球 前/后",
   "Ball 6 Poultry/Beast": "第6球 家禽/野兽",
   "Ball 6 Tail B/S": "第6球 尾 大/小",
   "Ball 6 Big/Small(No Tie)": "第6球 大/小 (无和局)",
   "Sum Odd/Even": "总和 单/双",
   "Sum Big/Small": "总和 大/小",

   "Sum B/S Sum": "总和 大/小",
   "Sum O/E Sum": "总和 单/双",
   "Sum Sky/Ground": "总和 天/地",
   "Sum First/Last": "总和 前/后",
   "Sum Poultry/Beast": "总和 家禽/野兽",
   "Sum Tail B/S": "总和 尾 大/小",
   "Sum Big/Small(No Tie)": "总和 大/小（无和局）",
   "Zodiac No.": "生肖号",
   "Zodiac No. Odd/Even": "生肖号 单/双",
   "Zodiac No. Big/Small": "生肖号 大/小",
   "Zodiac No. B/S Sum": "生肖号码 大/小 总和",
   "Zodiac No. O/E Sum": "生肖号码 单/双 总和",
   "Zodiac No. Sky/Ground": "生肖号码 天/地",
   "Zodiac No. First/Last": "生肖号码 头/尾",
   "Zodiac No. Poultry/Beast": "生肖号码 家禽/野兽",
   "Zodiac No. Tail B/S": "生肖号码 尾数 大/小",
   "Zodiac No. Big/Small(No Tie)": "生肖号码 大/小 (无和)",
     "":"",
     "":"",
     "":"",
     "":"",
     "":"",
     "":"",
     "":"",
     "":"",
     "":"",
     "":"",
     "":"",
     "":"",
     "":"",
     "":"",
     "":"",
     "":"",
     "":"",
     "":"",
     "":"",
     "":"",
     "":"",
     "":"",
     "":"",
     "":"",
     "":"",
     "":"",
     "":"",
     "":"",
     "":"",
     "":"",
     "":"",
     "":"",
     "":"",
     "":"",
     "":"",
     "":"",
     "":"",
     "":"",
     "":"",
     "":"",
     "":"",
     "":"",
     "":"",
     "":"",
     "":"",

     "":""
}