{
    
  "Sum of Top Two Big/Small": "Top 两个大/小的和",
  "Sum of Top Two Odd/Even": "Top 两个奇/偶的和",
  "1st": "第一",
  "1st Big/Small": "第一 大/小",
  "1st Odd/Even": "第一 奇/偶",
  "Big/Small": "大/小",
  "Odd/Even": "奇/偶",
  "Dragon/Tiger": "龙/虎",
    "2nd": "第二",
   "3rd": "第三",
   "4th": "第四",
   "5th": "第五",
   "6th": "第六",
   "7th": "第七",
   "8th": "第八",
   "9th": "第九",
   "10th": "第十",
   "2nd Big/Small": "第二大/小",
   "2nd Odd/Even": "第二奇/偶",
   "2nd Dragon/Tiger": "第二龙/虎",
   "1st Dragon/Tiger": "第一龙/虎",
   "Dragon": "龙",
   "Tiger": "虎",
   "3rd Dragon/Tiger": "第三龙/虎",
   "3rd Odd/Even": "第三奇/偶",
   "3rd Big/Small": "第三大/小",
   "Big": "大",
   "Small": "小",
   "Odd": "奇",
   "Even": "偶",
     "D":"龙",
     "T":"虎",
     "B":"大",
     "S":"小",
     "O":"奇",
     "E":"偶",
     "4th Big/Small": "第四大/小",
   "4th Odd/Even": "第四奇/偶",
   "4th Dragon/Tiger": "第四龙/虎",
   "5th Dragon/Tiger": "第五龙/虎",
   "5th Odd/Even": "第五奇/偶",
   "5th Big/Small": "第五大/小",
   "Sum of Top Two": "前两名之和",
   "6th Big/Small": "第六大/小",
   "6th Dragon/Tiger": "第六龙/虎",
   "6th Odd/Even": "第六奇/偶",
   "7th Odd/Even": "第七奇/偶",
   "7th Big/Small": "第七大/小",
   "7th Dragon/Tiger": "第七龙/虎",
   "8th Big/Small": "第八大/小",
   "8th Odd/Even": "第八奇/偶",

"8th Dragon/Tiger": "第8龙/虎",
   "9th Big/Small": "第9大/小",
   "9th Odd/Even": "第9奇/偶",
   "9th Dragon/Tiger": "第9龙/虎",
   "10th Big/Small": "第10大/小",
   "10th Odd/Even": "第10奇/偶",
   "10th Dragon/Tiger": "第10龙/虎",

    "B,O,D,P": "B,O,D,P",
   "S,E,T,C": "S,E,T,C",
   "Small Road": "小路",
   "All": "全部",
   "Form": "表格",
   "Clear": "清除",
     "":"",
     "":"",
     "":"",
     "":"",
     "":"",
     "":"",
     "":"",
     "":"",
     "":""
}