

{


  
    "Big": "Lớn",
    "Tie": "Hòa",
    "Small": "Nhỏ",
    "Upper Range": "Phạm vi trên",
    "Tie Range": "Phạm vi hòa",
    "Lower Range": "Phạm vi dưới",
    "Odd Range": "Phạm vi lẻ",
    "Tie Plate": "Bảng hòa",
    "Even Range": "Phạm vi chẵn",
    "Sum Odd": "Tổng lẻ",
    "Sum Even": "Tổng chẵn",
    "Big Odd": "Lớn lẻ",
    "Small Odd": "Nhỏ lẻ",
    "Big Even": "Lớn chẵn",
    "Small Even": "Nhỏ chẵn",
    "Gold": "Vàng",
    "Wood": "Gỗ",
    "Water": "Nước",
    "Fire": "Lửa",
    "Earth": "Đất"
    "":"",
    "":""
   
  
    
  }